用户名,评论
竹叶飘香_涵情,清明节估计交通会很堵，计划早7点前出门，高速已经开始堵了，绕了几下，8点到达农场，还没有开门，平时去应该不会堵车，天安门起始也就50公里！热心的老板娘给我们开门，我们在屋里玩了会棋牌游戏。农场里的小动物可以投喂，孩子高兴坏了！去的早还可以搭帐篷，还有各种爬架滑梯，空气超好的儿童户外运动！中午11点30开餐，自助取餐，杜绝浪费！食材挺新鲜，羊肉串和小腰子最棒！每人还有一只手掌大的大虾🍤！老板特别热情，亲自给我们示范烤串，味道真不错！					
52京京,清明放假约着朋友一起出来踏青郊游，和朋友家一起选择了花田。推荐理由：今天天气不错，田地里才刚刚返青，花田里的小动物都非常的可爱。特色体验：中午我们也选择在花田里吃饭，很方便。这个地方推荐带小孩子的家庭去特别适合。					
hyh878708,3.12是植树节，孩子上二年级，第四课课文正好也是讲植树的，于是我约了3.14（周日带孩子植树），现在周末我尽量安排全家行动，于是找了顺义这家，可以带上家人一起去烧烤。138一位的自助烧烤～烧烤店里的常规菜品都有：肥瘦相间的羊肉串、裹半圈肥油的逍遥子、鸡胗、鸡心、鸡关节、鸡脚筋、牛板筋、螺旋状的面筋、鱼豆腐、香肠、土豆片、面头片、阿姨现煮的炸酱面、油炸花生米、大可乐大雪碧、还有每人限量一只的大虾～还有巨好喝的热乎的煮苹果水～（只能能回忆起来这些品种了）。真的真的很好吃！每样都好吃！中途还有工作人员指导我们烧烤！可以喂小动物，就是常规的鸡鸭鹅这些～还有一小块秋千这样的大人孩子能一起玩的场地～我们种的是桃树苗，100元一颗，就是哄孩子玩，种完阿姨就会移走，让孩子体验：挖坑、放树苗、填土、浇水～如果认领这棵树是980～我们还参加了踏染活动，老板娘带着我们把玫瑰花和芹菜叶子踏染在白色帆布包上，过程很解压，做完的包包颜色也真的好看～整体还是不错的，每周都换着花样带孩子出来玩玩～					
咘咘酱,想着马上植树节了，带孩子们寻找个地方种棵小树。在大众点评里找到了共享花田，联系老板会给你最便捷的地址。到了花田后就被咖啡厅吸引了，跟以前去的农场不同，这里很惬意，我很喜欢。孩子们点了苹果汁（25元一杯）还吃了苹果干（25元一包），里面还有桌游，儿童绘本，一张小乐高桌，楼上还有幼儿休息区，听老板说疫情前这里暑假有幼儿夏令营，现在变成烧烤了。我们时间有限就没尝试烧烤，喂了小动物，玩了会儿室内和室外的游戏区就去种树了（户外乐园+喂食小动物+树苗收费一人100元）。小朋友自己动手挖洞种树苗还是很好玩的，到最后孩子们都不想回家，总的来说，我觉得值得一去。亲们看看，不知道是否有帮助。					
jobby9292,清明节第一天，生意真是太火爆了，人虽多却不混乱嘈杂，主要是地方太大啦，区域划分的也合理，烧烤区，采摘区，小动物喂养区，还有小朋友的娱乐区，吃吃喝喝玩一天，强烈推荐！最重要的是，这家自助烧烤的食材，是我吃过全北京最好的，尤其是羊肉串。听说老板好像还是射箭高手，看到有客人带着弓箭来切磋，还有小朋友的射箭入门器材。					
merrybys,太开心了，在家憋了那么久，终于来到盼望中的地方。孩子们玩疯了，大人们说这就是向往的自由生活。一望无际的绿色，香香的草地味道，清新又宁静。大片的菜地，自取自足的晚餐和烤串。孩子们喜欢的小农场和小动物们。成群的小狗狗伴着你跑在脚边，游乐园是所有人的天堂，除了孩子大人们也找寻小时候的回忆，各自尽欢。射箭🏹，狙击，草地上奔跑，小小足球队，认知小农场...就这样的日子有多满足，真心爱了哎					
Chelsea西,亲子农场植树活动小动物最可爱烧烤种类不多可以增加一些小朋友玩的很开心100多人活动服务会照顾不过来总体感觉很快乐烧烤自己烤失败率太高人间烟火气最抚凡人心周末愉快植树节愉快🥒🥒🥒🥒🥒种下春天里的希望					
dpuser_4914258831,老板是天津人，感觉是一个好客勤快有情怀的人。每遇到聊的来的客人，或者人少的时候都会自己动手帮客人烤串，骄傲的给你讲，你吃的是天津风味烤串和炸酱面，骄傲的给你讲为什么他的苹果🍎很好吃，骄傲的给你讲他的创业和筹划园区的想法💡。这里是一个集合儿童射击，农业种植，养殖体验的教育基地。小而全的环境，让孩子来了能足足玩一天。¹认识各种常见菜的生长情况，再加上自己采摘的乐趣，让城市长大的孩子们充满新鲜感。²兔子🐰猪🐷鸡🐔羊🐏狗🐶等等动物，都可以投喂。³小型木桩搭建的场，让孩子们可以放放电。如果你想让自己的孩子亲近自然，那就来吧。					
向往瓦尔登湖,#再次到来#老板依然热情幽默，就是现在中午人稍稍多了些，除了一些散客家庭，还有些年轻人过来在大草坪上玩游戏，类似团建活动，他们应该是提前预约的，还玩了据老板说很高档的私人订制台球和卡拉OK设备不过空间足够大，相对于其他地方，人均空间还是很充裕的各种蔬菜确实好吃，烧烤怎么说呢，“好吃，绝了”，多少有点对此地钟情的心理作祟拓印的环保布袋不错，最大的乐趣在这个大橡胶锤挥舞的时刻。本来打算过来草地搭帐篷，唉，8℃+西北风……老板心善，让我们移到了屋里享了一晚帐篷睡觉的体验最后，在这看月亮，好大大大的，很亮亮亮的					
nini331,公司郊游，因为是周五，所以算是包场。都是奔着吃来的，所以好多人都没吃早饭，饥肠辘辘，等候的过程中先去看了小动物，然后还吃了果园的苹果，很甜。大虾一人一只限量，据说是进口冻虾，肉比较紧，一般。羊肉串味道还行，就是火刚开始比较慢，等得有点着急。炸酱面也是限量，一人一碗，味道还行，也没那么惊艳。苹果20一斤，买一送一，不便宜。老板是射箭冠军，热心教大家射箭技巧，后来技痒还给大家表演，果然很厉害。					
dpuser_4050562183,又到了苹果采摘的季节，他家苹果是真的好吃，皮薄脆甜，只不过价格这几年也是涨了不少。适合带孩子来，有个小乐园。周末人不少，但车位能有二三十吧，不会显得拥挤。赶上公司团建就不好说了。如果平日去最好提前打电话预约，不然怕没有管理人员在。上午9-11点，下午13点开始。今年多了一只叫闪电的香猪，今天好荣幸遇到它的主人。特别聪明的猪猪，知道享受人给他按摩。					
原始猪,来了不想走了，太舒服了，苹果那叫一个好吃呀，刘总说她家的地养十年了不打那种肥，王林苹果甜到齁，又脆又甜多汁，比我们山东的王林好吃，红富士也很甜脆，烧烤自己动手，第一次动手烤还行没'烤糊巴她家的甜辣酱很好吃好像是自己做的，以后还会来。苹果虽然价格不低但是值得买，吃完让老板给快递					
chipotlefan,特色体验：招牌摘菜，摘瓜，掰玉米🌽推荐理由：场地大，菜新鲜，种类繁多……采摘玩回家来一顿小烤肉日子滋呀紫苏也不赖，玉米🌽也OK，生菜🥬太鲜嫩了交通：开车进院有停车场交通便利距离市区比较近小菜农的日子不亦乐乎，还带走两颗薄荷回家种上					
lily8145,非常值得推荐的亲子乐园。烧烤食材上乘，大虾十分新鲜。孩子们草坪上可以射箭，踢球。旁边还有各种小动物。度假放松的好选择！
毒吻食客,初春时节来到农场，感觉到安静而有土壤的浓郁气息，孩子们喜欢沙土，秋千，吊环，我则可以在阳光暖房静静地坐一下午，咖啡不错，晒的苹果干超甜，可以相约五月份来看格桑花，做印染，也可以10月来采摘苹果。
懿卉,第二次来共享花田了，烧烤，喂小动物，采摘有机蔬菜，终于又到了苹果采摘季，吃过这里的苹果吃不了其他的了太好吃了，皮薄脆香甜，富士和王林两个品种已经买了两年了，一买买一冬天，吃完就等第二年，今天摘了三十多斤，吃完再来，等下树后也可以直接快递，非常方便，赞🏻🏻🏻🏻					
骨头有肉,交通：位置在昌平村里挺深的，不是大众的推荐很少会路过哦！比起延庆什么的总体还算近的。共享花田的概念挺好的，店主服务贴心特色体验：按人头收费这点也挺省去很多麻烦农场还原现代农村形象，最受孩子欢迎的当属小动物们，鸭子、羊、小驴、鹅、火鸡、大猪、收养的流浪狗，不是放养哦！每类都在圈里，团购包含一筐菜可以喂动物餐食是自助烧烤，包含饮品是1桶可乐1桶雪碧，店里也有其他饮品和冰棍需自费。我家经验不足开始被烤糊，烧烤的地方在图9里，靠里面的位置通风效果不太好，建议去的家庭提前做好分工准备。店家允许带孩子的在阳光房里等着玩和吃。推荐理由：阳光房里有孩子玩的区域，也有几张桌子老人孩子可以在那歇脚和吃喝，有空调环境不错。tips：另外还可以捞小鱼，秋千，小型攀爬，滋水枪（店家赠送1个简易版），采摘的朋友可以让当地大姐带着去旁边菜园摘，团购的人按采摘回来的称重，15元/斤计费哦，一般老人过过瘾图个新鲜嘛。本市行程适合玩1天					
Indigo,🌟唯一的亮点是钟薛高雪糕还有不限量的串串，老板会教怎么烤，剩下的都是孩子喜欢的。🍼孩子玩的种类到时还挺多的🙎大人可玩性比较低，基本没事干，打了一下午麻将🌚还有就是必须要吐槽一下，如果台球不能打那就别开放，生怕给打坏了、划破了，一直被盯着感觉很不好					
静静,其实这里不是我特意想去的地方，因为想去的地方需要提前预约，去不了，最后看大众点评推荐的这里，看了看评价决定去的。这里应该就是一个自己的小农场，一进去就可以看见旁边挂着的野葡萄，往里一直走，有一个大一点的沙堆，可以让孩子玩，再一直走可以看到一小块非常干净的小草坪，旁边有一个废弃的公交车，两旁有一个小鱼塘，前方有一个充气泳池，最右边有许多动物兔子、鸡、小羊、猪，老板会发给每个孩子一筐青菜，喂动物用，还有一个小鱼网每个孩子捞三条，多余的单收费2元一条，但是鱼真的太精了，一个也捞不上来，自助的烤串非常好吃，尤其板筋根本吃不够，肉串也非常新鲜不是冷冻的，自助餐满分，适合家庭来，孩子拿着水枪不用看着可以玩一天，也不用担心孩子无聊，唯一不满意一点说是组织孩子采摘，但是没有这个活动，一样老板还进，其它值得推荐。					
匿名用户,苹果🍎又熟了，盼了一年终于又可以来摘🍎了，亲手摘下一个大🍎，咬一口，爆汁甜，不辜负我等了它一年，还是记忆中的味道，回味中的美好，老板很热情，服务很周到，环境优美，还有各种小动物，地里的蔬菜现拔现涮特别鲜美，还可以烧烤、射箭等活动，适合家庭小聚、亲子活动以及各种团队活动，是个放松心情的好地方。					
饕餮妞儿,共享花田亲子农场🌹，有萌宠小动物，自助烧烤（只有虾是每人一只，其他不限量）饭后，孩子们摘花瓣，自制植物印拓，以后我就可以背这个限量款的包包啦！农场还有很多苹果，蔬菜🥬可以采摘，适合带娃休闲的好去处！场地很大，很适合很小的孩子来玩，国庆期间，5号来的，这里需要预约，所以人不会太多，舒舒服服的吃吃喝喝					
忘忧草,趁着十一假期郊区打卡《共享花田》亲子农场，这儿的环境不错，是个遛娃的好去处，可以自己烧烤，采摘，喂食小动物，还有孩子的玩耍区，可以让孩子们尽情的撒欢儿，还有自己动手制作环保布袋子，很有意思以后还会来呦					
狮小妖儿,老板巡视之后亲自给烤串，简直太暖了。烧烤很好吃且不限量，适合大胃王前来。有动物可以投喂，且异味儿不大，总体还算干净。每个小朋友可以领一筐蔬菜去喂动物。攀爬架秋千滑梯鱼池，足够娃撒欢放电。还有苹果树，还没成熟，下次可以来采摘。					
yangmengxing,还可以吧，可能去的有点晚了，苹果树上的苹果有点干巴了。玩得东西也不算多，孩子能玩个把小时吧，问题在吃饭上面，除了烧烤就只有炸酱面了，人少吃烧烤不好玩，炸酱面又太过简单，周围也没啥好的吃饭的地方。老板如果想做大，餐饮这块儿还是要重视重视。ps：洗手液很好用					
zy_4032,小朋友来这里过生日，好大的园子，可以摘苹果，捞小鱼，射箭，孩子们放心奔跑，孩子们的聚会，也是大人们放松的好场所。一杯鲜榨苹果汁，太新鲜了！感谢老板的热情烧烤，免费学习了哈哈。非常值得一来的地方。放松心灵！！					
国庆,性价比不高，适合团体活动，不太适合一家人出行~烧烤场地比较集中，如果是游玩人较多，烧烤烟比较大，卫生方面：食材如果上桌，苍蝇一片~但是环境整体看起来还好。里面如果不采摘苹果，也没啥可玩的，整体感觉就农村大户人家，把养的羊啊，鸡啊，鸭啊，都放在圈里。拿着菜叶子喂喂，这个性价比，其实去野生动物更划算。里面最热情的就是服务员阿姨，拿着食材过来还还嘱咐不够可以急需要，食材在清单上列的非常清楚，没有其他多余的选择。这个价位的自助餐，一桌只送一瓶大可乐或者雪碧（任选）其他饮品都自费。价格有点偏高。当时我们有个别的食材，比如鸡类不喜欢吃，就让阿姨直接拿回去了。羊肉肉质不错，现解冻的。我们让再上十串之后，老板有丝丝的不高兴，问我们能吃了嘛，拿可以，吃不了可不行。生硬的话，让你顿时也没有什么想吃的感觉了。我们回答可以的：老板说，那等会吧，得现解冻。一家人花1000元左右，喂喂鸡鸭羊，吃顿自助烧烤，个人感觉性价比不高。可能他们团体上有活动，人多的话，可以玩起来。还ok。					
Elle,环境很好，拍照不错，带着孩子玩的游戏一般。烧烤种类不算多，肉新鲜。就是烤一半带孩子玩了会儿，回来发现桌子都收拾了。炭火也撤了…还没怎么吃呢。炸酱面味道不错，服务员一直在推荐，虽然好吃，但也很占肚子。
dpuser_57817015555,环境幽美，服务周到，苹果汁多味甜，是一个值得再来的好地方。
来妞妞,夏天带孩子去玩的，对比了其他家，费用比较高，但是串比较新鲜，还有玩水和喂小动物的地方，总之孩子比较喜欢
Jessica5117,农场环境清幽，烤串味道很赞～宝宝玩到不想回家
coco4021984,感觉主要是烧烤和采摘吧！玩的有捞鱼和喂小动物（狗🐶、鸡🐔、兔、羊、驴、猪🐷），还有一些秋千和木制游乐设施！需要提前预约！烧烤完再采摘顺便再玩会（大厅有磁力贴和积木），一天也算圆满了！推荐鲜榨苹果汁，好喝！					
兜宝阁云集折扣店,性价比和军都山比起来真的不高了…198一位大小同价、实际孩子只能吃两三串，别的地方孩子都是半价。烧烤种类真的不多，肉还算不错吧。捞鱼的水太浑了，完全捞不着，玩的其实很有限、实在需要老板好好经营。					
睻睻爸_4213,服务很到位～烧烤环境很好～还有专门的人指导烧烤～菜品很新鲜～尤其是板筋特别好吃～大虾也很大～肉质很肥美～可以采摘蔬菜～就是小动物园的动物有点少～而且几乎都是家畜类～整体老说很不错～孩子们玩儿的也很开心～					
竹子张,交通：离市区距离不远，也很好找，导航直达，车停门口走进去特色体验：之前疫情期间去的，只有两拨人去，可以捞鱼玩水（老板送水枪和铲子玩儿）捞出的小鱼可以带走还有一辆孩子喜欢的公交车，有简单的秋千之类的设施，还可以看看小动物什么的，整体不是特别大，院子面前一块绿地拍照挺好中午烧烤食材是不限的，人少的时候店家的人会教你怎么烤比较好～因为太晒了，时间待的不是很长，感觉性价比不是很高					
魏小小鸟,今天几家人相约一起，自带食材，开启了我们的美食之旅，因为疫情，好多地方去不了，听人家介绍，第一次来，环境不错，孩子玩的地方没有拍照，光想着我们的美食了，从早上9:50到下午5:00才离开，孩子们虽然很疲惫，但依然依依不舍，期待下次					
予儿_7274,服务优质，品种丰富，场地挺好的
顾伯雯,带孩子去玩挺高兴的，就是天儿热的时候去烧烤有点闷热，但整体还是很不错的，孩子玩水玩的很高兴
不知道人,玩的少性价比不高感觉不值老板很热情老板娘有点冷。。。
谈小香,草坪、射箭、采摘、喂小动物…整个农场放养式放娃的好地方，吃得痛快，大人孩子都玩得开心
joybell,好玩，好吃，有意思，过几天再来烤串
钠小妞,很适合亲子来游玩，吃喝玩乐一条龙！
匿名用户,真的环境非常的棒，老板人很好，很友善，帮助每一位有需要的客人，自助烧烤非常赞。肉的质量很棒。吃的过瘾。
菩提胤,挺小的，没啥东西，也不是很好玩，大点的孩子都没啥可玩的，适合小小宝
桐桐M,去年10月去的，烧烤自助，很方便省事，环境特别好，干净有的玩，小动物也可爱，就是价格稍微贵了那么一点
匿名用户,孩子玩的都乐不思蜀了，采摘、喂小动物、充分享受大自然。
嗜吃的汪,很不错的地方，去过几次，共享花田的农场占地3万余平米，坐落于北京昌平凤凰山下京密引水渠旁，乃天然绿色氧吧，园内美若仙境，很有艺术感的农场，据说也是艺术家创办的，有其他农场没有的艺术感和美育方面的课程，认领了苹果树，有很多能参与的活动，能让孩子学到不少东西。					
yushan,下雨天和烧烤搭配满分！难得悠闲的午后时光，听着雨声，呼吸着新鲜的空气，吃着美味的烧烤，在配以手中82年的冰可乐，兼职幸福到爆。而且老板服务热情周到，不光吃了美味可口的烧烤，还学到了一首烧烤的手艺五星好评强烈推荐大家来玩。Ps：食材，炭火都是老板亲自选材给你不一样的烧烤体验					
jiaoj123,在大众点评看到这家店，非常适合溜娃，种草了好几周，终于来打卡了。说实话，有点小失望。京承上堵的一塌糊涂，两个小时才到。园区玩的地方不大，大面积是果园。预订这里烧烤的话，送抄子、塑料小鱼缸和水枪，可以带走三条鱼。总体来说，现实和店家照片有很大差距。大厅布置的还比较艺术，也有单独的包间。娱乐有围棋、乐高、磁力片和幼儿图书等等。捞鱼的鱼塘很小，大概长2米，宽0.5米左右。玩水的池子水有点脏。喂的小动物就6.7只，大的动物有一只猪（躺在里面睡觉，喂不到）。驴也在里面。心心念念的野菜，老板答复就在动物园对面，其实就是地上随便长的菜，没有种类，没有区域，你爱挖哪挖哪！所谓的儿童乐园，就是进门有几个脏脏的挖沙工具，一个农耕车，一个废弃的拖拉机。滑梯没看见。烧烤一个人248元，1.2米以下半价，价格有点贵。其实就是一个果园，里面开辟出一小块地烧烤。不值这个价钱，有种不会二刷了。					
口渴吃汉堡,北京暴雷前的那个周末，和小伙伴们带着五只神兽去玩。特别适合人多带孩子玩的地方。大人们烧烤射箭，小朋友们在充气泳池里基本就能混一天还可以在地里采菜喂小动物，小羊小鸭小兔子伍的。可以捞小鱼，每人可以带走三条小鱼。不过我们带回去的鱼第二天就全死光了…自助烧烤的串，肉还可以，那个大虾其实一般。总的来说环境不错，玩一天妥妥滴。					
栖身草屋,总体来说还是不错的体验，帐篷可以搭在烤串旁边，方便看孩子和吃烤串同时兼顾。食材不错，羊肉挺好的，烤出来很好吃，饮料是大瓶的可乐之类的，我们自己带了就没享用老板提供的，食材和饮料无限量供应，吃好吃饱没问题。玩的方便，搭帐篷、喂动物、撸小狗足够满足孩子了。还可以射箭、自己带跳绳、沙包、毽子满足大人。环境方面嘛，还有挺大的进步空间，没有做成ins网红风格，不太能满足小哥哥小姐姐的拍照需求，基本都是带孩子玩的。值得说一下的是，老板提供手磨咖啡☕️我们春天去的，夏天的话不知道蚊虫情况怎么样					
liqian196468,才有时间来写点评，早就种草共享花田，终于和朋友时间默契一同前往。按老板贴心指示顺利找到，门口有停车位。炸酱面味道确实不错，孩子吃了整一碗，地方很大，捞鱼喂小动物，还看到了一颗樱桃树。唯一就是烧烤处空气有点不流通，但孩子基本都在外面草地搭帐篷玩。					
lucy1030_82,环境：农场环境还是不错的，有一大片苹果树，六月初果子才刚刚长成。有一栋二层小楼里提供绘本玩具吧台等服务，旁边有儿童游乐区，有沙坑滑梯素拓等器材，天气热有充气戏水池可以玩。旁边有一排小动物的屋舍可以参观。食物：烧烤在小楼的另一边，分为带屋顶的区域和大棚的区域，大棚的区域可以搭帐篷，店家准备的肉种类比较丰富，口感也很好，调料工具一应俱全感觉很贴心。炸酱面还是很可口的服务：店主姐姐很温柔，耐心告诉我们烤肉的注意事项，临走时还每家送了一小袋刚摘的生菜感受：最好还是天气不那么晒的时候来比较合适，还有就是等苹果成熟了可以来采摘沙坑和滑梯太晒了没怎么玩，不过估计也不好搭棚子					
上下蛟儿,六一前一天我们4家人带着娃奔到了这里，干净，五脏俱全，孩子们一个捞鱼，一个戏水池就可以玩一天，老爸老妈们偷闲一日，妈妈们聊的甚欢。哈哈。可以带帐篷，带宠物，有片草坪，还可以喂小动物。旁边还可以采摘，一天可以从10点玩6点。需要提前约，午餐肉串广受好评，无限量供应。适合几家带娃小聚，大家玩的都很尽兴。					
嘿呀rssa,撸串好吃极了，孩子玩的痛快极了，家长陪着舒服极了！
Yolanda涅焰,周末带孩子去玩，环境不错，孩子们玩的很开心
可爱多珍珠_7123,乐园很好，适合小孩子去玩，六日人挺多的，平时还好，建议平时去
羊咩咩咩,和好朋友们渡过了完美的一天孩子们玩得很尽兴烤串很好吃😋
好吃不挑食儿,点评晚了初期疫情过后去的环境很好一起烧烤老人孩子还可以吃炸酱面孩子喂动物老人挖野菜我们喝茶打牌闲聊疫情后的相聚孩子们
一只憨熊,之前大家来过一次环境还可以烧烤时候烟雾缭绕
思羽,锦绣河山年卡禁用，希望尽快恢复使用
赵赵_3609,天气渐渐地热起来了，该去哪玩了？又怕热又怕人，理想的地方应该是这样吧～篱落疏疏，千树成荫，鸡鸣羊咩，兔闲鸭乐……可真巧，共享花田农场就是这样子的呢。进入亲子农场，迎接我们的是那一群群可爱的小动物，有驴、鸭子、兔子、火鸡、鸡、羊，还有一只大肥猪。小朋友们可以在那里亲手采上鲜嫩多汁的野菜去喂他们（随便采摘噢），孩子们的成就感瞬间爆棚。亲子农场还有一些游玩设施，秋千，滑梯，攀爬架，沙池等等，也能让孩子玩上半天。「地理位置」昌平区兴寿镇下西市村东800米。「玩一整天自助烧烤喂动物捞小鱼挖野菜儿童乐园水枪大战」					
zmmm1119,这农场被种草了好久，终于有时间来了，离市区不远，跟着导航走，路况很好！平时工作日没有人，很安静空气很好，玩一天让人都忘了还有疫情的存在。农场里有好多小动物，还有很多小朋友玩的设施。午饭吃的是烧烤，每张桌子都配一个烧烤炉，很方便！农场老板和老板娘都很热情，吃完饭老板带着去摘樱桃，教射箭，还拿着老板的水弹枪打苍蝇据说农场还要添加新设施，看来以后可以常去					
芷羽921,🚗位置：农场位于顺义，不堵车从城区驾车大约一小时。🏕印象：和朋友一家一起去的，疫情期间农场限流，人少体验好。农场大面积是苹果种植园，活动场地不大，但是项目很多，可以烧烤、露营、射箭、喂小动物等，还有小朋友热爱的沙坑、攀爬架、秋千、滑梯……孩子玩到天黑都不愿回家，是个遛娃的好地方。烧烤肉串不错，不限量供应，老板做的炸酱面一绝					
aaaaabomb,服务很好，老板一直微信联系，耐心指路，主动联系安排时间，疫情期间开放一半，并不拥挤，烧烤区有浓浓的烟火气，目前人少搭帐篷也很宽敞，小朋友可以喂小动物，摘野菜，碰到有阿姨摘了好多扫帚菜，涨知识了，有一小块沙地配了些挖沙玩具，天然实木攀爬架，土坡配滑梯，大人们拼了命的帮娃们捞小鱼，还是很有趣的～					
dudu21o,带孩子去种地，采摘，种的话需要30天，才可以采摘，有人会教你怎么种，孩子可以体验生活，玩的不错，也能采摘、摘冰草，摘草莓，摘圆白菜，应有尽有，能玩的东西都比较好，只不过工作人员太少了，一直感觉没人带，明显人员不足。					
心系越野,「共享花田亲子农场」交通🚙：自驾开车三里屯出发一个小时就到了，顺义和昌平的交界处，路程不是很远适合当天出游，去之前点评上看到了团购联系老板预定很方便，加微信发详细地址，还做了路程指导图片，疫情期间不会接太多的人，到地方大家也都放松下来不戴口罩了特色体验🎣🍢🦐🐓🐏🐇🦆：可以捞鱼，摘草喂小动物，玩沙子，秋千，小朋友最喜欢捞鱼，每人可以捞三条鱼带回家，老板会提供盒子和捞网，小朋友捞了三回走的时候还是不想走，哭的梨花带雨不想回家就要捞鱼推荐理由：很适合家庭出游，有孩子可以玩的项目，并且小朋友也比较多，室内也有一些积木孩子们可以玩，很喜欢门口的草坪可以铺野餐垫但是中午太热了我们就放弃了。自助烧烤：成人¥248/人，三岁以下孩子半价，每人包含一只巴掌大大虾限量，其他的有羊肉串板筋香肠鱼豆腐蔬菜等等，吃多少烤多少，老板会稍微提示如何烤串。tips：一定要提前电话预约哦，疫情期间进村要准备好自己的健康码。走之前老板还送有机蔬菜，一次不错的体验，除了天气有点热					
moumoudpid,我们去的时候是四月份，还是168一位去完后的第二个礼拜就涨价了，感觉自己还是挺幸运的，环境是着实不错的，挖野菜，小朋友们都很喜欢，就是沙池旁边没有水源，小朋友们，不方便搭城堡，小动物乐园非常有意思，动物很多小朋友们喂着都很开心					
素白衣,五一前去的，提前预约，我们四个家庭，基本是包场，双井过去，开车大约一小时，路程不算太远。大人小孩的费用是包括了中午的烧烤自助，两瓶饮料和里面的所有游玩设施，说是有组织采摘的，当天我们没有，但是可以喂小动物，孩子们可是高兴坏了。他家的小分炸酱面挺好吃的，孩纸们没人一碗，烧烤就没给孩子吃，因为自己烤的，所以味道层次不齐总体来说都还不错，下次还会选择。					
April男男,这是一篇补交的作业，并非疫情期间的体验哈。公司的福利，发了共享花田的代金券。离城里不算远，开车过去比较近，就是停车位比较有限。他家主打的是苹果，又脆又甜，平时不爱吃苹果的我都觉得格外美味。孩子会很喜欢喂食小动物的环节，感觉那些羊们永远都吃不饱的样子。烧烤种类比较少，但肉还算新鲜，可以尝试。					
zt_292,交通：离城里有点远，在昌平和顺义交界吧特色体验：烧烤味道不错，食材货真价实，炸酱面很好吃，适合小孩子，只要不浪费吃的管够，可乐雪碧管够孩子可以挖野菜，有沙池和滑梯，太小的孩子玩不了拓展项目，可以体验一下厂子里有一个报废的公交车，孩子很喜欢玩，还有好多小动物可以喂，有火鸡，驴，袜子，羊，猪，鸭子，小狗，孩子可以有很好的体验					
港,带孩子来的好去处，168一位，小孩三岁以上也算一位。可乐雪碧随便喝，烤串随便点，现在的天气还好，再过一段时间大棚里烤串就热了，有小动物可以喂，建议自己带点菜叶胡萝卜，给的苹果小动物们不太爱吃。炸酱面很好吃。					
S_Q,疫情期间没有地方溜娃，点评上找到了这里，提前预订了时间，去之前老板还发了路线很贴心，宝宝很喜欢这里，喂动物，烧烤，搭帐篷，挖沙子，滑滑梯，感受超级好，如果邀三五好友会更美，不过疫情期间还是一家人去比较安全。					
vicky521,环境：离城里很近的一个地方了，开车走京承和大广，不到40分钟，到了以后在村口做了登记，进来有院子可以停车，我到的早，一条狼狗躺在大门口，我等了一会，轻按了几声，它懒洋洋的斜了我一眼，又趴下了，没办法，给老板电话以后，狗竟然自己走了，我觉得它真是成精了。院子里面有很多小动物。。。服务：非常好，老板基本是手把手把我们几个交了一遍，我终于系统的把烤串这一套流程学习了，非常感谢！口味：材质新鲜，口感极好，包括碳也是果木的，这样出来的才是最好的。					
crocodile,带孩子去玩的，小朋友都很开心，可以喂动物，午餐自助烧烤，品质还可以～就是烧烤区太热，烟太大。
像风走了九千里,说实话感受不是太好朋友带着去的，开车往返上百公里，就吃了几串烤串，完全没有感受到服务，可以说是0.️服务，真的不知道大老远干嘛去了……不会再去了
Danni_Li951104,回家路上…这是综合了我们所有人的感受写下这篇评论昨天我们10多个人其中包括三个宝宝第一眼进来就有点失望脏乱差我和我朋友都是这样的感受（垃圾随处可见）老板解释说做清洁的人还没来…还在安慰自己没准儿里面会很好…到了小朋友最喜欢的喂动物环节拔草喂动物地上全是粪便动物就几个拍出来是乡下田园风但是绝对是照骗可能之前去过的其他农场太好了导致这个体验真的太差！！！我老公回家路上一直在叹气无语！当然小朋友昨天是玩儿开心了菜地里跑一跑玩玩滑梯然后晚上吃烧烤印象里蔬菜只有土豆片和茄子…168一个人除了羊肉串不错好吃其他真的没啥了。这个价格太不值得了小朋友还要算半价而且烤烧烤的时候老板一直指指点点让我们觉得很不舒服最开始我们这么多人只给了我们一个炉子说反正我们也不会烤……再说了本来就是来体验一下…我们也没有感受到所谓的热情总而言之走的时候大家都默默感叹到没有一个人愿意再来…					
伊树子西,趁着清明节假日打电话预约了一下，竟然可以接待了！娃在家闷了太久终于可以晒太阳喂动物肆意奔跑了，这个农场挺安全的，每个人的健康码都要检查才能接待，而且人数也有限量所以我们很放心，老板还特别热心的送了孩子好吃的苹果，给我们准备宝宝椅，教我们射箭。。烧烤的食材质量也很好.小孩子都可以吃，墙裂推荐遛娃好去处！孩子以前很怕小动物，这次突破了自我摸了小狗狗，城里的孩子真的是太需要这样的自然环境了！					
khpp,疫情憋了太久，今天去呼吸新鲜空气了，和想象中的差点意思，老板娘骨子里的怨气全部释放的淋漓尽致，没有什么同理心，说话言谈举止都很丧，环境和想象的有些偏差，不过烧烤的食材我给满分，但是服务是真的需要改进，真的很客观的说目的出去散心了，不是去看商家脸色了...					
匿名用户,嗯图片有点失真-最重要的是服务业请做好服务基本态度如果觉得不想接散客就不要接大家也不是来这里看你脸色来了-都是想出来散心图个开心-请对接下来的客人面对保持微笑-预祝店家能让接下来的客人因为来你们这里而感到玩得开心。					
匿名用户,特意来写点评。疫情期间，憋坏了孩子们。无意找到这里，体验了完美的一天。4家8大5小包场。全程就我们，完全不用戴口罩。环境不错，地方也比较大。中午孩子们面条，大人们烧烤。下午拔野菜，喂小动物。孩子们玩游戏，骑车，玩沙子，都是不错的选择。					
爽歪歪不呆呆,【推荐理由】特别好的场所，在这里孩子跟大人一起恢复农耕生活，找寻祖先的农耕文化，也是我们中国人最原始的生存之道。在这里可以让孩子分辨五谷，蔬菜。让我可以真的拿起小锄头，挥动挥动，有那么几下他就知道累了，再有几下手就知道疼了，在干会就流汗了，在干会就知道粮食来之不易，要格外珍惜了。在这里也让他知道了杂交水稻之父袁隆平有多么了不起了。【交通】特别方便开车来，停车免费，车位多【服务】很多服务员对孩子都特别友好，而且担心他们的安全，总是嘱咐注意安全，特别热情暖心总之值得推荐					
匿名用户,共享花田亲子农场~虽然没什么采摘的了~但是居然还有这么厚的雪~意外收获~比儿童乐园海洋球小滑梯什么的强多了~买的是198元10斤苹果加喂小动物的套票~一整个下午就我们一家子~包场的感觉~就是没有什么菜可采摘了~随便摘了点香菜和菠菜~称重之后抵了一斤苹果~苹果还是很好吃的~孩子很爱吃~					
王一洪王老师,这一趟来值了，农庄很有特色。可以采摘苹果，喂养小动物。农场厨房可以自己摘菜自己做饭，还有KTV，各种桌游。而且老板老板娘都特别耐斯，老板还是射箭冠军。超赞。夏天还要射箭比赛。可惜是冬天来的，下次天气暖和时过来玩肯定更棒，可以晚上草地上自助烧烤，喝啤酒，体验农场露营。值得好评！					
苏小猫11,刚好赶在初雪这天来到花田，落地玻璃窗边吃着火锅晒着太阳看着外面的雪景别有一番滋味，青菜很新鲜很好吃，室内有桌面足球，很多有意思的绘本，还有蔬菜鲜花拓印，室外可以喂小动物，还可以雪地里打滚，小朋友们玩的很开心，外面的表情包大驴和那个忘了叫什么羊的羊是今天的搞笑担当。老板很善谈很nice还很逗，等春暖花开再过来玩，那时候游乐设施多，小朋友们应该会更喜欢吧					
dpuser_12682649357,一起都太好了！天气好！环境好！秋千，小动物投喂，滑梯，绿草地，蔬菜大棚，苹果树，烧烤，一切的一切都太美了！从早上10点多一直玩到晚上8点，好久没撒丫子跑了，一定会再去的
讨厌仓鼠的夜猫子,很适合孩子玩的地方，孩子已经迫不及待的要约自己的同学再过来玩了，老板和老板娘人特别好，老板娘还教我们做了蛋糕，中午的烧烤也是货真价实很值得推荐
HawkbirdChen,遛娃的好去处。有沙子，有动物，有秋千，有各种活动，也有餐。服务也挺好的。去的时候还看见一窝小狗，虽然看着不干净，但是很可爱。孩子们在这里玩儿很开心，太阳下山了还不肯回家。我们在这里还认养了一颗苹果树。
造型师李江_6903,整体环境不错适合亲子出游的好地方
jiasmiling,很好玩很有趣，庄主和庄主夫人热情洋溢，妙趣横生，不可不来。
北方莽汉,服务人员很热情，有耐心，里面有许多小动物，可以喂养。
贪吃的小豆豆0,玩了北京周边很多亲子农场，这里是唯一一个孩子去了两次还闹着去第三次的地方！当初也是随便搜的，看网评不错，就说带还是试下新的，以前去过的那些不是路太远不好走，就是项目比较单一，去了一次就觉得没什么劲了，还有的就是去的时候你很开心，觉得商家如何好，结果后来发现自己被坑了，所以一直没有哪里特别满意的，可是这家感觉真的不一样。首先，路程近，路好走，一路柏油马路，还有公交特别方便。其次，项目多，采摘主要以苹果为主，菜有很多种，时间不同东西不一样，建议去之前联系，或者商家也可以定期公布在网上，大家自己查询，省去很多沟通麻烦。另外还有自助烧烤，露营，儿童户外乐园，动物喂养，夏天还有超大泳池很干净，还有很多别的项目，射箭什么的，让孩子大人都有的玩，有的学，感觉像自然课堂。再者，老板人很好！这点我很满意，说真的，老板和老板娘属于那种人很直的，说话不拐弯抹角，所以从商业的角度看，也许刚接触还会有些不适应，但是接触一下就发现他们人很好，这也正是在都市里累坏了的人最需要的东西，很难能可贵！最后再说东西，都是纯天然的，玉米特别好吃，苹果🍎更是如此，味道特别棒！菜都很好吃，黄瓜是那个味儿，跟市场上常见的那种口感不一样，口感很脆很甜，可惜我们去的那次不合适，指摘到两小根，吃一口满车的香味儿。					
七爷,久闻大名，抽空走起，周末在家午睡，睡醒一瞅快四点了，我们到哪儿玩会去呢，大众点评一搜有个顺义农家乐还亲子的，遂走起，到了都快关门了。没啥人，就剩老板娘一个人了，非推荐认养个小苹果树树苗，结果没买。然后在院子转一圈，发现植树区的老农都下班了没看着的，爸爸立马捡起来一颗树苗给种上了，嘿再跟别人一样系上一根红丝带，一分没花省三百！明年，来院子里看看我们混在果园老板果园里的小苹果树结几个果子。					
豁然开朗1003,孩子们玩的很开心很多种小动物尤其是驴这种平时不常见的孩子看到特别兴奋。那天有点下雨所以没有采摘喂完动物直接去烧烤了。必须划重点我家孩子比较小所以最开始烤肉的时候没有放调料想着先让孩子吃结果！后来大家吃的全程都没有放调料羊肉和小腰子太香了只要烤熟就可以直接吃完全是食物本真的味道。肉质够好才能如此！另外炸酱面很优秀我个人吃了两碗					
纳尼沃特你说啥,孩子班里活动帮着踩点时找到了这里，老板是一位很酷的女生，加了微信后看到她喜欢射击，和她聊时说到射击她的眼睛是放光的，很喜欢这位妹子。之后包了一棵苹果树，当时特别划算才400元，上周六我们去收苹果，哇哈哈哈哈一共收了90多斤，特别开心！孩子亲自摘苹果没有摘够啊！就是远苹果树也是看运气，我们选的这棵结的果多但每个苹果都不是太大，有的果树苹果数量不是太多但个个饱满。这里还有小动物，姑娘很喜欢喂驴和小羊们。还有一片游玩区一个小沙坑，孩子可以玩一阵子。家庭可以带娃来体验，幼儿园搞活动也可以来这里，有需要联系美丽的老板吧！					
antalige,拖了好久终于来花田了，和小朋友一起在果园里找叶子和花瓣，做环保提袋拓印，很有新意，小朋友很好奇，还可以喂小动物，有鸡鸭鹅，🐷狗驴羊，成片的苹果园可以采摘，苹果汁多很甜好吃，还可以烧烤，就是现在天有些冷了，可以亲子或家庭朋友聚会，总体体验不错					
大盗阿里麻麻,郊外遛娃好去处[交通]京承大广高速下了没开多远就到了会经过一个小村落不要惊慌跟着导航走穿过去就是[推荐理由]吃喝玩一体可以玩上一整天吃里面有自助烧烤不限量的158一位儿童半价自己选有炉子炭火比较方便玩1有喂小动物的区域有猪小兔子小鸡小鸭小型动物会给个篮子放一些菜喂它们2靠近门口有攀爬的区域有木有做的攀爬还有秋千孩子们撒花玩3不定时有活动我们参加的是托印发了一个环保袋让孩子们在院子里找树叶🍂放在袋子里用锤子砸出花样很有意义亲子都参与的活动就是给老母亲们累坏了4有一个大房子可以茶歇有儿童读物和玩具也够孩子们玩上半天5采摘区域我们去的时候是摘苹果的时节院子里到处都是秀色可餐的水果看着就好吃可以摘可以买苹果又大又甜6亮点还有老板养的一只大狗超乖和朋友们在草坪在也能互动玩耍亲近小动物内容很丰富不想去远地方周末郊区游是非常不错的选择					
爱小七,[交通]出了高速跟着导航直接就过来了比较好找[特色体验]主要是采摘全是苹果树苹果很好吃采摘的话20一斤喂小动物可以自带菜屋里有娱乐区看书下棋都有可以烧烤捡树叶做拓印可以拓展区域不小[推荐理由]适合亲子互动带小朋友来很不错[tips]建议小龄的孩子带点吃的					
入道_1626,偶然在网上看到共享花田的活动，抱着尝试的心情前往。刚好赶上包苹果树的活动，为了让小朋友能有个多外出运动的机会就包了一棵树，果树有花田的专业人员管理，所以我们只是定期去看看就好花田除了果树还养了一些小动物和为儿童设计的活动项目，很好玩又安全。家里有小朋友的可以考虑前往，会很开心。					
flora,周末溜娃的好去处。自己在大众点评中无意搜索到的亲子乐园。没有提前预约，周六早上海淀这边下起了小雨，怕亲子乐园玩不了，就打了电话咨询，老板接的，态度很和蔼，告诉我乐园没下雨。可以去。开车走六环，跟着导航1个小时就到了。带了2个小朋友，一个3岁，一个7岁，都玩的很开心，158元有3个小时自助烧烤，还送了一篮蔬菜，还有一些拓展活动。老板和老板娘，还有服务人员的态度和服务都特别好。肉串虽然种类不多，但是都很新鲜干净。下次还会再去。					
慕容雯雅*静,3个家庭，6大3小，价格比较偏贵了，3岁以上孩子价格跟大人一样158元/位，自助烧烤……食材：羊肉、鱼豆腐、鱼丸、小腰等肉类比较新鲜，苹果很甜，还有炸酱面赠送。环境：有苹果园可以采摘，价格198元12个苹果，老实说有点贵了……门口有个草坪，孩子可以铺个底垫玩耍，晒晒太阳很舒服。旁边有个儿童娱乐区域，有攀爬区和秋千，还有一些宠物可以喂～猪、鸡、羊、兔子、驴～					
恬恬,公司给的优惠票实际体验与想象略有差距但是总体还行场地整体面积可能挺大的吧但是大部分是种植园所以实际活动面积不是特别宽敞可能是季节的问题植物已经开始破败了没有看到最美的一面小动物区还是不错的各种小动物都很可爱小朋友喂小动物很开心最后临走领了一箱苹果这个要给个赞真的很甜					
璐宝宝_1220,收费太贵了。性价比不高。首先，门票一进门，每人收38元门票费，给了一筐蔬菜，可以去喂小动物，然后可以看儿童绘本，可以玩一些小玩具。所以为了进门，我们一家五口一共花了190元，最后大家是坐在木头椅子上看孩子跑跑跳跳三个小时，就走了。其次，苹果价格，无论是否采摘，大概198元20个苹果吧，很贵。最后，烧烤，忘了多少钱一位了，即使食材好，可也还是太贵了，价格赶上星级酒店了，环境却比不上啊					
是李毛毛呢,在大众点评上找到的一家亲子采摘乐园，比较好找，刚到门口，就被一颗颗苹果树上红彤彤的大苹果给吸引住了，太诱人了。于是，团购了一张198的采摘苹果的券，可以采摘12个苹果，还有一小筐的青菜可以喂小动物。小孩子喂小动物，和小动物互动，玩的很开心。摘苹果感觉有些不太划算，因为其他的采摘园一般情况下都会让采摘的时候品尝一下，这里不允许品尝。不过还好，198的券含12个苹果，自己采摘完，品尝了自己的采摘成果，苹果都比较甜，水分很大，很好吃。					
隽菡,超赞的亲子游场地，苹果采摘巨好吃，各种有机蔬菜，还可以玩，大人可以烧烤，整整玩了一天，孩子都不愿意走
沙漠绿洲,朋友推荐的地方，的确是很不错的.....
dpuserAt_0626864427,太棒了，很适合带孩子去玩，带个足球在草坪上踢会球，中午带着孩子一起体验烧烤，老板人也很好，看我是一个人带孩子还特意过来帮忙，给您点赞哦，还赠送了一杯现榨的苹果汁🍎🍎🍎，吃饱了又可以拿着小篮子去喂小动物菜叶，（很遗憾没有拍照啊），门口的地方还有儿童游乐区，很开心的一天，下次要约朋友一块过去					
蜡猪花,公司团建来的这边。园子不少亲子游乐设施，每个小朋友会给发一个小篮子，可以喂小动物食物～拓印说实话有点累，但是重在过程，还是很开心的！他家苹果很好吃，除了贵没毛病！自助烧烤还得很划算的，大虾挺良心！射箭课程的教练很专业，讲得又通俗易懂，涨了不少姿势！总之，活动丰富多彩，既好玩又解馋，还长了见识，孩子们又开心！					
1633827_51返利,我竟然忘了给这家店写点评，一直想好好写写，工作一忙又忘了。部门组织亲子活动，选了很久都没有选到满意的地方，后来大众点评推荐了这家农场，点进去一看觉得就是它了！跟其他的烧烤或采摘的地方不太一样，这家农场环境很漂亮，一看就是精心打造过的，理念我也很喜欢，貌似不同的节气都会组织一些相应的科普活动，让小朋友更亲近自然，并熟悉我们的传统文化。活动很丰富，烧烤、喂小动物、射箭体验、采摘……大人小孩都能兼顾。一天下来大家玩得都很开心。开票出了点问题，美女老板一直很耐心地帮我解决，很感谢。					
Swan小婉,朋友推荐了好几次终于有机会来了后悔天都凉了才来！看见大门才意识到跟一般的采摘园农家院不一样有专门给小朋友玩沙的地方秋千攀爬架这就够我闺女玩大半天了等她听说前面还有小动物可以喂饭都不肯吃了小动物种类很多第一个居然是猪我闺女没见过实物所以格外宠溺他小猪很干净而且很温柔吃东西特别斯文哈哈哈珍珠鸡鹅鸭子还有火鸡小兔子超级可爱很多种类很意外还有长毛兔小狗狗驴还有小山羊超级温柔小姑娘一边喂一边摸很是开心室内装修的很好感觉很适合小朋友开生日会还可以在花房里吃饭感觉很好卫生间干净是加分项！门口那片草坪深得我心草坪质量特别好平时公园极少有允许踩踏的草坪孩子终于可以放肆的在草坪上跑跳甚至打滚看着两小只在草坪上跑还有狗狗幸福感爆棚～可采摘的种类挺多的老板说蔬菜是有机的吃起来的真的是不一样玉米又糯又甜是特别甜的那种白菜也是清甜可口苹果我闺女一口气吃了3个…那个品种的苹果虽然很贵但真的好吃这次光顾着跟娃玩得开心都没有顾上拍照片下次要多拍一些总体来说我觉得性价比挺高的溜娃胜地！肯定还要再来的～					
*于小惠*,环境真不错听朋友推荐的这家游玩的地方。小动物那叫一个多啊！猪，狗，火鸡，山羊，驴子，公鸡母鸡，挺多种类的。可以无限提供菜叶子让你喂。还挺好玩的。还有大草坪可以玩耍。本来想吃烧烤，天气有点凉没吃成。很舒服的一个地方！					
小元小圆,肉串质量不错，但是种类偏少，连鸡翅都没有……限量每人有一只手掌大的大虾和一个有机苹果；会有炸酱面真的很好吃呦！烧烤在一个大棚里有十来桌的样子，但就是太闷空气不流通！老板娘人很好，帮忙冰镇了自带的矿泉水！院子里还有一小块沙土地，滑梯和喂小动物的地方(会给喂动物的一小框食物)					
hzjmcat78,假期和小朋友相约一起去农场玩。团购的套餐，包含自助烧烤和喂小动物。喂小动物区域有猪、羊、驴、小兔子、鸭子和鹅。小朋友喂的很开心。烧烤在一个大棚子里，人多的话烟大，熏人。老板很热情，看我们不会弄，还亲自帮我们烧烤，边烤边指导。还有小朋友玩的区域，有秋千、沙池。农场里种满了苹果树，我们去的时候苹果还没熟透，不能采摘。					
dear_115,坐标：西良路良善庄村西北200米处交通🚴‍♀️：从五环自驾京城高速按导航走大约1个小时就好停车场不大，大约能停个30多辆车两边都是苹果树，这个季节去，满树的苹果熟透了，咬一口嘎嘣脆，好吃😋[特色体验]1/自助烧烤食材不错，新鲜.2/品种挺全的娱乐项都有小小的挑战，适合稍微大一点小盆友3/地头采摘的新鲜蔬菜🥬，水灵还有好多没来得及体验，下次还会在去滴就是夏天烤串区苍蝇有点多，建议商家消灭消灭					
赵罗_7889,孩子喜欢采摘和烧烤，从大众点评选了这家排名第一的有机农场。真的很推荐，菜是有机的，可以放心吃，烧烤可以说是我去的最良心的商家了，用餐在苹果园里很有意境，肉品也是很好不是那种外面批发的东西，肉质新鲜而且不膻，有绿豆汤免费的，自助不爱喝可乐和雪碧可以选。接待我们的阿姨带着草原里采摘特别热心，还帮忙介绍，挑最好的菜，小朋友很开心，阿姨说夏天有西瓜和香瓜七我们约定好夏天一定再来。此外这里特别适合团建和小朋友组织活动，干净整洁，晚上可以露营。					
董小姐ds,能认领一颗苹果树，到秋天整树苹果都是你的；能喂喂小猪小驴，小兔火鸡；能玩玩沙子，户外拓展；能露营看星星看月亮看飞机；最最最重要的，是能吃到获得过17次射箭冠军的天津老板亲自烤的小串，那手艺简直不要太赞！这一次露营给孩子留下了美好的回忆；一个月后会再去丰收大苹果。这是一个每年必来几次好地方！					
阿萨阿,童趣十足的共享花田，各种有趣各种洋气！美食、体验、各种的乐趣真针儿的适合孩子探索与释放[太阳]有多大？我没记住～地主👲家儿女啊！一年四个季，季季值得来
maggie1802,环境特别好，合适带小朋友来玩可以喂小动物，可以采摘，有一块大草坪可以玩游戏，踢足球，公司团建也一级棒！
混合动力猫熊,灿烂的格桑，满枝的苹果，纯净的友情👭👬……三个小伙伴采摘的鲜花💐插瓶，挺美一个老朋友大朋友小朋友都玩得不亦乐乎的桌上足球⚽️#感谢祖国的安定富强，我们可以岁月静好#
蘑菇蘑菇蘑菇,烧烤的烤炉挺小的，人多，棚里热，烤的时候得等。小动物味道大。孩子玩的玩具老旧，也没啥玩具。要说玩，也没啥玩的，要说烧烤，路远的话，也没必要跑这么远来，毕竟烤串的种类也不多。
dpuser_90752254007,周一带孩子去的，闭园日，但老板和老板娘人特别好，超级热情，帮我们烤串，又陪孩子玩，陪吃陪聊陪玩，非常愉快，甚是投缘，下次还会光顾。
FRONT_de_小可爱,公司团建，在大众点评上看到，就决定是他了[tips]前期联系就觉得小姐姐声音特别好听，很温柔，喜欢～～体验中-小哥哥全程天津单口相声，有趣的灵魂烧烤、植物拓印、射箭、采摘等活动非常有趣，一天下来，大家都觉得非常开心院里可以停大巴车，整体环境也很干净～很推荐！亲子，团建，家庭游都可以的～					
冰冰,单位组织来共享花田玩了一天，大家都玩得很开心，还摘了玉米，喂了小动物，还做了植物拓印的帆布包，老板专业级教练亲自教大家射箭，老板和老板娘人都巨好无比，中午的自助烧烤也很棒，以后有机会还会带家人和朋友继续来玩。					
xddfish,离市区不算远，环境还可以，相比去过的其他农场，空间比较局促。游乐项目有喂小动物，一个小的游乐场和自助烧烤。小动物有鸡，鹅，鸭子，猪，兔子，驴和羊，每种不多。其他就没什么了，烧烤的肉质量不错，炸酱面比较难吃。服务中规中矩，但138的价格对于这么小的空间来看，有点小贵。					
吃客来也,同事带小孩一起去聚会，赶上九月最热的尾巴，又赶上另外一个幼儿园团建，相当拥挤。1孩子的娱乐:有个书架，有一些书，磁力片，积木。外面有个充气水池，没有任何遮挡，太晒了。据说远处还有秋千之类，太热了，也没去体验。2吃的:烧烤地方真够热的，自己烤，不过肉和鱼豆腐还可以。孩子吃炸酱面，还挺爱吃。其他没了，饮料和冰淇淋单买。3喂小动物:鸡鸭在最底下栏杆没有开口，没法让孩子喂，还有一头驴，几只羊可以喂，不过小孩子有点害怕大动物。4采摘蔬菜:最想吐槽的部分，100块钱4斤蔬菜或者5根玉米。蔬菜有茄子，大葱和韭菜可选。大葫芦50块钱一个。25一斤的天价菜，20块钱一根的玉米，头一次见。					
aaabbbccc888,老板获得了很多射箭冠军，对亲子教育活动有独特的思考和设计，服务用心到位，环境优美拥抱大自然！金秋时节，可以享受采摘+烧烤+喂小动物等体验的乐趣，值得一去！同时，老板作为一位职业的体育人，退役后自主创业，我们应积极力挺，这是一种体育精神的表现！还有召集共享合伙人的众筹模式，如果你想一起探索，这是一个开放的共享空间...					
dpuser_7402504413,团建去的，整体感觉还行。室内有个图书角，适合小朋友们。可以做印花帆布袋，就是在农场现采树叶和花瓣，用锤子砸出纹路，挺好看的。但价钱不便宜，一个将近100块钱吧。家长们可以淘宝买帆布袋，随便找些叶子和花瓣在家制作，很简单的。烧烤就不吐槽了，热到爆…					
tgmailuser_9835282878,极力推荐给各位宝妈宝爸，特别好的一次亲子农场体验，这可是我一暑假连跑了4家不靠谱的农场，终于筛选出来的。所以在闺蜜从加拿大回来，我再次带着闺蜜们和孩子们来到花田，果然没有让我们失望，体验更棒了，首先推荐大家帅哥老板的专业烤串，用果木碳烤出来的羊肉，外焦里嫩，味道让人经常回味啊其次是美女老板娘的王林品种的苹果汁，清甜爽口，也是让人回味的不行；农场内的动物们都很友好，我家儿子在学校做英文PPT演讲时，竟然专门提到他在农场交了很大动物朋友！帅哥老板还是射击冠军，带着孩子们体验射箭、玩飞机游戏，草坪上笑声一片，临走时几个孩子已经对这位叔叔崇拜的不行了！以后准备经常去，整天被关在教室的儿子，尽量弥补他一个花鸟虫鸣的童年！					
elaina7766,老板是射箭冠军国家队的不仅玩得好还免费上了一堂射箭课。老板是天津人，全程天津单口相声，太有趣了！必须点赞顺祝旺福小朋友健康成长！
胡图图1984,作为京郊农庄真的非常不错小孩有玩的烧烤环境不错肉也不错只是3岁小宝半价其实也有点贵
maldinilj,草地、动物、采摘，孩子们玩的超级开心！去之前最好提前联系老板，有时候人太多，尤其是节假日和周末。昨天遇到一个小男生，追着姐姐叫妹妹，超可爱！
Joy_4461,周末带娃～人比较多，服务跟不上，烤串的阳光棚通风不好～风扇也是坏的。免费的绿豆汤、雪碧备的少，压根没喝到～这些都还可以接受！最主要有个别人服务态度很差！很差！
哆米妈咪,👶🏻遛娃胜地北京｜共享花田｜可以自助烧烤~对于一东北人来说太满意了，肉质也不错！建议多点品种，像一个后花园可以喂食小动物也可以看花看草玩儿谁真的很不错！朋友聚会带孩子一起都可以~
过过1110,老板很年轻，农场特别干净卫生，还有小动物和游乐设施，等苹果成熟了再来一次。
楓找房子零点,蔬菜从采摘到吃用了一个小时
DonkeyMu,周末一起和朋友去的，环境真的很不错，而且老板很热情人还特别实在~很多小动物可以喂，烧烤种类也很多，还有专业的教练教射箭，真的很棒！团建聚会的可以来，以后有时间还会带朋友来的！
阳春三月艳阳天,第二次去和第一次感受真是差远了，也不知道是现在顾客多了飘了还是怎么的，我们自带食材给了场地费，没有什么服务不说，还爱答不理的，场地破的不行，一股子臭味儿，全是苍蝇，劝大家慎行吧，反正再也不会去了，也不会推荐朋友去，伤心难过😤					
在曦58,给个中肯的评价吧，第一次去的时候他们那里第一次烧烤，我们玩的还蛮开心，也完全是因为老板态度的原因。我们还帮着大力宣传也是因为觉得老板还不错。因为我们的肉是从老家自己带回来的，只用了场地，可能消费的少，但全程的态度和第一次完全不同。连见面起码的招呼都不打了，尤其是男老板，但只用场地费400只用炉子碳什么抹布的也算可以了吧，该有的服务是应该的吧。要调料男老板说你们不是自带食材嘛？我们可以不用，但既然张嘴了又是调料不用这么计较吧，还不高兴的说让自己进去拿，我们没去最后也没给我们送来。最生气是最后要走的时候我是觉得再有落差感我也应该处于礼貌打声招呼告别，男老板到好意思问我垃圾收拾了吗？语气还是不乐意的那种。我靠我都蒙了，我来你这消费你问我这话怎么想的。当时我按耐住不开心还好生说你看一下不行我们重收拾？我们走的时候把所有垃圾都整理在一个袋子里那是我们自我素质的问题，你做服务的说这话是没脑子嘛？我出去说给他们听完朋友们都想回去找他说道说道，但说算了吧下次不来就可以了。我来你这消费做生意最重要的是服务和态度，不能因为这次的消费钱少就改变态度，这样会损失老顾客而且是做不长久的，服务业最重要的是不带有色眼镜对待每一位顾客。中肯的评价是觉得创业不易，但不能看人下菜碟，每个消费者都是以后的潜在客户。					
dpuser_4056847082,朋友上次来说感觉特别好，老板很热情，结果这次和朋友一起来也不知道是我们没用他们的食材让老板不开心了还是现在这个地方厉害了接的都是大团队不愿意搭理我们这些小散客，态度特别不好！！卫生更是糟糕，全是苍蝇，密集恐惧症都犯了，还有粪一样味道的草。想想真的很搞笑花着钱遭罪不仅没有服务还那种态度，再也不会去了。最后奉劝老板这么做生意做不长久的。					
小奕奕007,第二次来农场，一次比一次体验好，每次来活动都很丰富，夏天的自助烧烤和水枪大战不能更赞，孩子们在农场里肆意玩耍，大人在屋里喝茶聊天，就是伸手可及的向往的生活啊！一直赖到晚上七点多才离开，晚上还蹭了农场主特制麻酱面。下次估计就自带食材，约上小伙伴一起来聚餐，或是带上帐篷夜宿，一起仰望星空🌃更多权益解锁，提前联系农场主哦					
～丘山岳～,单位组织的一次亲子活动，种韭菜莲，手绘草帽，喂动物园，采摘，中午就餐时等了大概1小时，发饭很慢，大概从没承担过大型活动，饭的味道一般，吃的不够可以续。可以玩的很多，孩子们都玩的不亦乐乎。感觉比较适合人少的时候玩，人多了承载力有限。动物园的动物都不怎么好看，感觉一喂动物都饿疯了，过来抢，似乎只有游客来喂。					
千上,没有预约直接过去，没想到天气热直接包场了。因为很热，只喂了小动物，其他位置没有去逛。老板人很热情，还帮助我们烧烤，自助烧烤食材很好，原汁原味。饭后小朋友还玩了射箭，很开心。天气太热，更多时间呆在室内。天气凉快了，约上小伙伴一起，周末小聚的不错去处。不知道下次过去人会不会很多					
hanhanxy,超赞的聚餐选择！和闺蜜一起聊天拍照烧烤射箭，空气清晰，有酒有肉，远离嘈杂，真正的世外桃源。烧烤的种类很齐全，菜品很新鲜，自己生火，国家冠军老板亲自教学射箭，留洋研究生老板娘拍照技术一绝！已经和老板成为朋友，下次有时间一定还会再去哒～					
李月甜,地方虽然不大，但都很让人舒服。夏天一起打打水仗，烤烤串，还是很棒的地方。这家提供的羊肉特别好吃，炸酱面的味道也很棒。小朋友们还可以在充气水池里游泳，到后面的“小动物园”里喂小动物。活动内容可以很丰富，推荐！					
匿名用户,感觉超棒，男女主人热情好客，烤串超级好吃，园子里各种小动物适合带小孩子来玩，苹果园的有机蔬菜和苹果非常好吃😋茶室、娱乐室、酒吧很有情调，适合家庭、团队来玩！非常推荐，值得拥有！
熊尼维,家庭同行，享受大自然的美景，享受生活的乐趣！
pikaqiu29950925,孩子很喜欢这里孩子玩的设施比较新喂动物的地方比较干净今天采摘了有机大葱豆角黄瓜茄子中午在这里吃了老板做的杂酱面味道不错等秋天苹果熟了来摘苹果
w7yu,每年都去摘苹果，黄色那种超级脆甜好吃。园内还能摘好多种蔬菜，还能喂动物，带孩子去很好。
dpuser_8193015660,射箭冠军免费辅导，自助烧烤，肉质还行，就是可能冻的时间太长不太新鲜，要是个晴朗的天气夜里可以露营看看星空还不错
christinal05,小朋友玩的爽，大朋友吃的嗨。老板的肉串质量高味道很好。孩子们撒出去玩不用管了，家长只管烤串喝啤酒
大可宝宝,烧烤自助很不错，店主热情，还帮忙烧烤
maxine0617,"周末6家朋友一起去共享花田聚会！团购的118的烧烤套餐烧烤食材很新鲜,管够;孩子们做了植物拓印,喂小动物;老板还专门准备了一个巨大巨大的泳池,我们带着水枪水球去的大人孩子们都玩high了;老板老板娘都非常好沟通,尽力配合我们聚会,感谢💐下次班级聚会再去~					"
bobbie9,说说来这里的几个特色吧！第一：院子挺大，有游乐区、苹果地，动物区，餐厅和授课区域等！孩子可以尽情的在这玩闹！第二：我们是来参加种树活动的，一共种了3棵树苗，有孩子的小铲子和小水桶，孩子来可以尽情一看享受种植的快乐！第三：这里定时有一些亲子课，讲种子树苗什么的，还有包青团比赛什么的！第四：这里的小动物都可以喂食，菜叶比较爱吃，不爱吃玉米粒，小动物们都挑食了呢！第五：游乐区有很多锻炼平衡啊，体能啊，勇气啊之类的，孩子都很喜欢，可惜我们是下过雨来的，裤子上都是泥了！总之，还不错！没发现要门票的，不知道随便进来会不会被发现，哈哈😄！					
单点豆包,熊孩子要喂兔兔🐰，爸爸就要赶紧找点评帮忙。经过多轮筛选，最后选择这里。老板听口音是天津的，专业射手，帅气，实在。老板娘比较细心，颜值在线。院子算不上奢华、精致，但感觉恰到好处，舒服。烧烤自助里羊肉最给力，其他一般。被一个幼儿园打水仗的战火波及啦，浑身上下都湿透了……熊孩子从上午九点玩到下午四点还不愿意走					
猫猫的大多多,带娃来玩的路程不算近但去了感觉还是可以的体能运动的设备不少有沙坑动物也挺逗的大驴吃东西很可爱性格也很好羊很活泼室内没啥玩的弄个手工啊小玩意的挺好的吃的不算多但都是基本餐食不会有什么问题孩子吃也比较踏实总体挺好的					
魏忠彬,本想着种树对于宝宝来说应该是挺有意义比较有趣的...于是大众上找到这家亲子农场...99元领了三棵树苗，毫无互动环节，农场里可玩的项目也是少之又少，一个小时足以搞定，因为到的晚就选择在这里直接就餐...130两大一小，孩子直说不好吃没的可吃总之这个地方的性价比太低了，不推荐！					
【已注销用户】,一家三口奔着植树，种花来的，环境还好。想带着孩子体验一下小时候的感觉，不错的地方。游客也很多，午饭内容：大人50元/人，2岁一下儿童30元/人（伙食不错，适合一家老小）。小动物有🐔和小狗等。有一些娱乐设施。					
喑小嘟兒,幼儿园组织的欢乐游，昌平出发，一个小时车程，孩子们做了手工拓印、种了花🌸，午饭安排吃的有机蔬菜，下午老师带孩子们喂了小动物、坐在草地上体验奥尔夫音乐课程，一天玩的很嗨！孩子们就应该多亲近大自然啊，活动不错！					
周光宇,去的时候还没完全建好，开车去的，路程还算可以，从家过去大概一个小时的车程。当时去有幼儿园在那里搞活动，现场挺热闹的，里面有啥子，滑梯，平衡木，秋千供小孩子玩的，还有一些驴羊等等的小动物可以喂养。里面还有采摘，我们去的不是时候就没摘。还是值得一来等着地方。					
周周,在某平台团购的植树节活动！带着小朋友从南城跑到了北郊！单说环境其实还算可以、只是如果玩一天的话有点勉强的！开车来一趟、小朋友能玩的有些少！再有就是植树节的活动、从组织到种树、仪式感都差强人意了些！应该多给小朋友们些互动、讲一讲植树的意义可能会更好。其他均为自由活动了！可能希望抱的有点大、略微有些失望。					
逛吃,霸王餐中的，很好，很大带着孩子去放纵放纵，撒欢了玩，省的在家憋着没机会玩。旅途稍微有点远，不过很好，种树玩土，喂动物，这是中的霸王餐感觉很好，要是花钱去就感觉不太合适，孩子太小，价钱有点高。谢谢商家，大众点评。没有照片					
大傲1102,其他平台团购的券，总体来说还可以，但很多地方需要改进！首先是午餐，餐厅采取的是套餐，按人头收费，基本四菜一汤，我们两大一小130，不说价位贵贱，口味太咸，搭配粗糙，菜量太大，每桌都剩好多，其**妈也反馈咸，本就是孩子主题的活动，餐食应该以清淡为主，多搭配，量少，精致！不够添饭嘛！再说盆栽体验活动，活动很好，有专人讲解，但全程一团乱，最后桌子上满是剩土！建议所有家庭全体落座，告知活动的流程，孩子要清楚自己要做什么，领取盆栽，领取工具，清理桌面，把土回收，工具回收，整个流程孩子自己完成！孩子的体验活动，更需要注重细节，体验的不光是种树，喂动物，更是爱护动物，爱护环境，感恩食物，避免浪费，动手独立的能力！					
晓风山岚,忘了微信怎么收到推送团券的了，惊觉快过期，赶紧来了～下午的活动一点半开始，人不是很多，每个活动区的老师都很nice。现场报名了母亲节主题的“自然笔记”，很有意思。玩儿了一下午，然后拎着自己种的盆栽回家，很好～					
造啊,去了一次还不错可以摘苹果喂动物孩子很喜欢
Jen_8211,认养了苹果🍎，晚了一天，带娃好去处
AJ就是那个AJ,整体都很好，就是饭真的真的太难吃了
babiwawa0701,驱车四十分钟来到共享花田等待十点半的植树活动活动前小朋友们一起先跳热身舞紧接着认领小围裙和小铁锹领队宣布完植树方法后大家就开始行动了小朋友们挖坑的挖坑填土的填土顶着大太阳积极性都很高最后给树上挂上一张写下祝福语的小卡片大功告成农场环境很好可以认领果树午饭是套餐四菜一汤味道一般但是食材新鲜非常值得推荐的溜娃场所					
celia_dl,五一那几天去的，人不多比较幽静，地方还算大吧，儿童游艺的设施比较少，本来团购了种树结果到哪被忽悠成一天的活动，种向日葵，本以为是大颗的向日葵，结果就一个小苗苗孩子也没体会到种植的乐趣，下午的活动也一般，整体活动不值那个价钱，更重要的是午饭还得单付费，虽然是4菜一汤，但菜做的真挺难吃的					
不爱宝宝,85后全职妈妈，浙大心理学本科，3-6岁AMS主教认证，热爱美食和旅行。欢迎关注微信个人公众号：黄小佳和乐乐，一起实践蒙氏在家庭和分享亲子旅行目的地现在的孩子接触农场的机会太少了，加上家里没有那么大的地可以来种菜啊啥的，这个农场特别好，我们是苹果树的会员，认领了一棵苹果树，从发芽到开花都看到了。农场还有很多小动物，羊狗兔子，驴，鸡鸭孔雀等，还可以做一些手工，很赞					
小红猪jessie,周日早上爸爸驱车带着我和儿子去体验霸王餐活动，一路比较好走，临近地方的时候是穿村儿，道路较窄，要慢速行驶，注意安全。大门口的大爷给安排了车位。下了车直奔店里去登记，领取郁金香盆栽，植树小纸条，凭小条参加活动。郁金香和植树周末上下午各一场，孩子积极的参与，体会到其中的快乐。园内还有小动物，白鹅，鸭子，驴，羊。还有小奶狗，孩子看到很兴奋，一直不舍得离开。园内种了很多树，在树中你会发现有一些木制拓展设备藏在里面。园内有午饭，大人50元/位，孩子30元/位。听其他游客说还可以采摘蔬菜，认领树，时间有限没多了解，就回家了。感谢商家和大众点评发起的活动！					
zlystar,在一个网站上团购的，88块钱2大1小。带着孩子周末去玩了。之前打电话被告知只有周末营业，结果周日去人巨多，赶上了团队、幼儿园活动什么的，好几辆大轿子车停在里面，大人孩子特别多，乱糟糟的。特别是种树和种花活动，人都没地儿待，乱的没地儿下脚。赶场子一样，效果不好。但是孩子还算高兴吧，就是个体验。种树估计我们走了之后人家就都给拔了，种的乱七八糟、七扭八歪的，基本都不合格。不过无所谓的，就是让孩子玩一玩。种花给大家发的草莓秧子，很小很小，不过给个小花盆，各种颜色的，到也可爱。中午饭可以定他们的份饭，大人50一位，小孩（无论多大）都是30块钱。用托盘盛好的，两三菜一汤+米饭。我看还是不错的，不过整体价格不便宜。如果自己带了饭，也可以在他们的饭厅、种花房食用的，很自由，不干涉。农场还自己养了小动物：白鹅、兔子、羊还有一头驴，另外还有几只刚下的小奶狗。喂动物38块钱给点菜叶子、玉米豆、狗粮，很少很少的。不过孩子喂了还是挺高兴的，如果不够地上拣点野草小兔子也吃。孩子喂动物是一天最高兴的活动了。还有儿童活动区，有个沙池，秋千什么的。自己带着小铲子小桶，孩子玩沙子应该也很高兴。停车不要钱，门口空地或者路边，都不要钱。					
游泳的鱼871,很幸运中了亲子农场霸王餐，趁着周末好天气去体验！单程距市中心40多公里，早点儿出门可以错开高速堵车(周末真的是高速一路拥堵)，跟着导航很好找。农场可以停车，人多的时候要停外面，比较方便。苹果园面积不小，据说有50亩3000棵树，这个季节正是苹果花盛开，清香徐徐。农场里还有一小片动物园养着鸡鸭鹅狗羊和驴，一片儿童游乐区，一个安静的陶艺馆，还有植树盆栽喂动物和手工制作活动，内容丰富!中午有简单的午餐，四菜一汤成人50，儿童30，更小一些的免费。也可以自己带一些野餐，还可以扎帐篷露营，很惬意，下次可以试试。环境很好，适合亲子活动，周末天气好的时候人确实不少，据说今天有三组团体活动，上午有200多人同时植树，我们中午到的倒是错峰了以后天气好时会约上朋友一起再去					
琥珀Amber琥珀,感谢大众点评和商家做的活动、地址是在顺义区、开着导航过来的、需要穿过村子、小朋友玩的非常开心。体验了种树活动、店家很用心、种树的土不是硬的、还给小朋友发了铁锹和围裙、让他们也体会一下。里面有小动物、最有趣的是见到火鸡开屏。送了一盆郁金香、自己亲手种植、希望可以开花。					
王丝雨0517,团购的认领苹果树，周末开车过来玩的~让孩子亲近下大自然。进门是一个长廊，两边是开了花的苹果树，不过苹果花没有什么香气，认领了一颗花开的最多的，不知道秋天会不会结很多苹果~午餐也挺特别，味道挺家常但是挺鲜的，是农场自己的菜，下午做了捏了软陶，种的草莓，还有做的青团，有点甜甜的，孩子挺喜欢吃。总的来说项目还挺有趣的，做的东西都能拿回家，孩子特别喜欢，天快黑了还舍不得回家，希望下次来能多点更好玩的东西吧。					
昨日今朝,朋友介绍这里是溜娃好地方，上周末终于得空来溜娃了。地方真大，有好多孩子玩的，还有不少小动物，孩子在那看小猪就看了半天，我家孩子最喜欢里面那个粉色大巴车，坐上司机位置就不下来了，一会儿到站让我下车，一会儿到站让我上车，把我累够呛！工作人员态度很好，教孩子做了一块自己染色的手绢。整体感觉真的很好，有时间还会再去。					
王轶_4933,在顺义郊区，按着导航很好找，适合亲子活动！周六日有很多一起活动的亲子家庭1.到那先进服务厅签到，领植树票，郁金香票，再参加活动，门口先跟麦兜跳舞热身(其实小孩子很喜欢互动)2.取香，祭拜炎帝，这个环节很短暂5分钟左右，文化内容可以更丰富些3.编柳条头圈4.种树，排队领工具，一个人可以种一颗，挂牌写名字，不过老板说这些树成活之后会被统一移到别的地方，不过这个环节，孩子们到是很开心，因为，很少有这样的动手机会5.种植郁金香可以带走！有老师带着种！6.浏览小动物园，有驴，狗，兔子，珍珠鸡，柴鸡，羊，苹果园里有草，也可以喂喂基本就到中午了，大人50，两岁以上小孩30，评价一般，我没有尝试7.节气展板，感兴趣，就是自己看！他这主推活动是苹果树认领，398一棵，最少得30斤如果没有办会员，光入场卷38元，这个就不值了，还是团购活动99元两大一小划算看到的朋友不要吝惜你的赞！					
kindnice,清明节活动，内容很丰富，寓教于乐，祭拜了炎帝，戴了柳枝，种了树，还弄了一小盆郁金香，小朋友在娱乐之中学到了不少传统知识，很不错的地方，秋天还可以认领苹果树，可以采摘苹果，现场的工作人员都很认真负责，服务相当到位，园区提供午饭需要单独收费但不支持点菜，由于孩子小当天就没在那吃，总的来说上午10点多到活动完吃个饭喂喂小动物溜溜达达也是一天，挺合适的亲子农场！！					
反光,上周六带孩子去花田亲子农场才体验了一下，早晨我们9点多点出发，开着导航延五环京承高速公路，我们距离农场大盖有40多公里，开车路上稍堵车，到达农场不到11点，他的的位置在顺义区和昌平区的交界，进了农场，路的两边全部都是果树，好像是苹果树，树木已经有开花的了。再往里走看到了亲子农场孩子们玩的区域，露天玩的项目还满多的，我们到那时农场的工作人员正在组织小朋友们活动，然后带孩子到指定地点种树，每个家庭给两颗树苗，家长和孩子一起挖树坑，栽树，浇水，孩子在和家长种树时特别的认真、开心。种完村后又回到农场做手工盆裁郁金香。午饭后，我们又带孩子去了动物乐园，那里有山羊，驴，鸡鸭鵝、还有小兔子，孩子还拿来柳叶喂了山羊，玩的好开心呀。临近我们要回家时，园内一只小花狗一直跟在我们后头，直到大门口的停车场，它很乖的，孩子给了它点吃的，告诉它回去吧，下次我还来看你。当我们的车都开动了，小花狗还在看着我们，孩子对小狗也是有些不舍。一天的体验就这样结束了，孩子玩的好开心啊，这里最适合3岁以上的小朋友来玩，他们那的工作人员也挺好的，现在正是春暖花开的好时节，带上宝贝儿到共享花田亲子农场还是很值得的。					
白色的云彩,位置走京承高速从解放桥出口出来后右转上昌金路走一两个红绿灯左转到了良善各庄村环境：绿植丰富满眼绿色还有儿童设施服务：服务员都态度很好笑盈盈的活动：体验种树和盆栽活动，乐趣满满但是组织情况善待加强下午看到有人组织做青团 也算是应节应景的。还有萌宠乐园，可以体验喂小动物的乐趣餐饮：园区提供餐饮四菜一汤大人50/位儿童30/位因为周边偏僻没有什么餐馆还是建议在这里吃吧					
蛀牙瓜,"共享亲子花田以“自然&成长、食物森林”为主题的亲子乐园,乐园的设计融汇了自然果园农场和时尚的风格，农场的设计师们怀着对自然的敬畏之心，和回归纯真的情怀，营造了童年梦想中的田园！位置挺偏僻的从京承高速下来后走的路越来越偏僻但是跟着导航走没错的种树活动是10点半开始但是因为人很多所以时间掌握上不太好要等待种树都是固定位置的这点很好种好了树还可以自己挂一个牌子树种好后就可以去餐厅吃饭了50一位的四菜一汤儿童应该是30不够可以再去添菜还有很多鹅鸭鸡羊驴等小动物小朋友们可以喂它们吃菜商家提供38一份的菜整体感觉不错天气挺好的小朋友可以在户外体会下农田乐趣也是一种新的体验吧					"
yuanyoudaisy,虽然娃还小，没有参加植树活动，但娃看我种了盆郁金香🌷，也很开心。
图图图7,感谢大众点评和卖家提供的霸王餐活动！共享花田亲子农场位于凤凰山下位置不算优越但是环境很不错到了以后就看到一个二十四节气的长廊进去里面就是餐厅和小朋友很喜欢的户外拓展区！这次提供的活动是种树和种植郁金香盆栽整体效果挺好的大家一起种树种花很有乐趣中午提供午餐大人50一位2岁以上儿童30一位四菜一汤味道一般但是管饱还有很多小动物可以参观小朋友很喜欢的地方					
宝贝儿辰,团购了一个两大一小的票，有种树和盆栽，整体感觉可以，服务不错，态度也好，讲解很耐心，孩子玩儿的也开心。美中不足今儿风略大，吹起了土。午餐不错，食材新鲜好吃，标准的农家饭，量足，咸菜很赞。小动物园动物不多，要是动物再多点儿就更好了					
爱吃爱玩,活动可以说是很丰富了带着小朋友们一起祭祖折柳植树让孩子体验了不一样的生活还顺便学些知识有一辆粉红大巴可以拍照只是草还没完全长出来地还没很绿然后就是小动物园感觉略差了一些希望休憩再平整一些小朋友体验更友好一些但整体来说很值很值咯还会再去					
江南火车奶茶,单位组织活动到了这里，我们走的是五环然后走京承高速公路过来的，地方很好找。来了之后在门口看了24节气展、然后看了小小动物园，之后大家一起跳了广场舞、然后大家一起去种树啦，每个家庭种了一到两棵树。接着是中午吃饭，每个家庭四菜一汤，量很大，管饱。下午是自由活动，可以继续和小动物玩儿，也可以做陶塑感觉比较充实。一个家庭连玩带吃也就两百块钱吧					
我的虎宝贝,首先感谢大众点评给我这次中奖机会，正好清明放假带着孩子一家去体验一下，而且还学到书本外的知识。位置很好找，到了先签到后，10:30开始集合，农场负责人介绍农场的环境和大概活动流程，第一项：教孩子们如何祭拜先祖，告诉孩子们为什么要祭拜，孩子们像模像样的祭拜后，第二项编柳带柳，也是民见习俗，可以防病灾驱魔驱蚊虫。第三项带领孩子们植树，教会孩子们先挖个多大的坑，然后浇水，填土，提拉树苗，再浇水。挂上自己写的小卡片，孩子们干得都很起劲，也很买力。第四项老师普及玉金花的知识，教孩子放粘土沙土肥料的比例，这些活动很好，说实话大人都没体验过，大人孩子都很受益。很有意义的活动，园中还有很多拓展训练的设施，很不错。					
淇淇_0518,离家较远，提前预约了，到了之后签到，每人发了一张贴纸，和一张郁金香盆栽的纸条，由于当天风太大，没有仔细参观，就看了看小动物，品种不是很多，参观了24节气长廊，种了两颗小树，体验了自己动手种郁金香🌷盆栽，我们就离开了，总体还是不错让孩子亲近一下大自然，想要在那里吃饭要提前预定，或者网上提前预定，不然有可能会没得吃					
媛媛_9379,很不错的亲子活动，孩子玩得很开心.学习知识体验生活，一起祭炎帝、编柳、种了小树苗、里面有孩子玩的地方、可以看到小动物、还种了郁金香🌷拿了回来.现在的季节有点早，树还没怎么开花🌹月底五月初去应该会相当漂亮.					
Tracyxiao,顺义的最西侧，和怀柔的交界已经可以看到山了，农场动物种类并没有特别多，适合孩子玩儿的户外游戏比较多，体验了植树和种盆栽。吐槽一下午餐，大人50元一位，小孩30元……一个凉菜沙拉，2个素菜一个荤菜一个汤，主食米饭，有点坑，其他的都还可以					
拱猪天使,团购的，88元带植树和盆栽。去之前打电话预约，微信也可以约。到了以后就可以订午饭，大人50小孩30，真难吃啊！！有东边是小动物园。就是一些小动物关在各自的小圈里。有一些拓展的设施，有沙坑，有很多大棚。总体还是挺丰富的，但是由于刚开春，地上光秃秃的，不漂亮。					
乖蘑菇大宝贝儿,感谢霸王餐体验！需要预订，没想到风很大。赶上一个团队活动，人不少，不太好停车。先植树，然后可以做个郁金香小盆栽。可以带走。其它的就是小动物，拓展个玩沙子之类的了，但是风太大了，基本是上就没有在室外活动。提供午餐，大人50，小孩30，价格不便宜，建议自带食物和零食，水之类的，一上午就应该体验的差不多了。					
泡泡阿强,买的年卡，一共去了3次，还领了10斤苹果，别看不好看，味道还是很不错的，本来可以摘苹果，但去晚了。还能领一小筐菜，喂小动物。需要提前预约，因为车位有限，不过车场停车也不费劲。这里还能订餐，还有游乐区，挺适合带小朋友玩的地方					
sdephenii,中了霸王餐，首先谢谢大众点评，让我们一家子能在春天里去农场玩一天。再说说共享花田，周末去的人挺多，有大孩子玩的区域，也有小小孩玩的沙坑，房子里陈设不错，也有图书绘本区域，如果在这里订餐了也可以在这边吃饭，大人五十，小朋友三十，下午这里还有陶艺课和种植课。我们去的是植树节，有很多家长带小孩一起，也有团队建设来的，树苗很小，挖坑种树很快就能结束，组织的一般，主要是自己玩，但是那也很开心套餐里带的种郁金香🌷，是单个老师给讲的，老师很好，也很善于和小朋友沟通，回去小朋友还记得怎么浇花晒太阳，很好，学会很多知识。节气那个就是一些展板，一进门口就看到，但是布置位置高，小朋友也没啥兴趣小动物有些普通，就是兔子，狗，鸡和羊，还有驴，也没有合适的叶子喂，就看了看，看得出来农场周边还在逐步建设，估计以后会更好吧。有机会是一定还要去的哈哈😄					
dpuser_04752986587,"老会员了，今年继续办了会员。理念新颖,吃喝玩乐学都能满足。大人孩子都可以享受农场时光"
小叮当嘀嗒,春天要出来跑跑，还能参加集体活动，不错！
zhouxiaozhou707,良善庄也有这样的好地方，特别自豪
PP_3676,抽到的亲子霸王餐。非常棒的农场。有游乐设施，动物园，还有辆二十年前的大公共汽车，小朋友可以玩儿的东西非常多！当然，主要是来种树的~每个小朋友都可以领到自己小铲子和小围兜，仪式感满满。种小树苗的过程小朋友都可以亲力亲为。从挖坑儿，到埋土，最后浇水，挂名牌。小朋友开心到不行~临走孩子还可以种个郁金香盆栽带走~就是农场比较远，我从西三环开了一个半小时到的农场。再来的爸妈们可以给宝宝多准备些吃的，农场除了提供付费午餐以外，也有很多地方可以坐着看风景吃零食~整体感觉棒棒的！如果时间允许，真是一天都可以花在这里，绝对不会无聊的~另外，喜欢喂动物的小朋友还可以自带白菜，有很多动物可以喂。					
桃桃_婧,开春准备踏青，看介绍无敌好，各种活动，赶上周**家一起去玩，到了以后问了几个人才知道在里面换票，没有任何指示牌，去了前台签到，态度不是很好，告知我们午饭需要预定，大人50，1.2以下小孩30，我们几家的还是都是125左右，就是和大人一样，50一份，问了工作人员什么菜，指着牌子让我们自己去看……周六大风，去种树也没有指示牌，也没有工作人员告诉我们在哪，一路上问了两个游客才知道，也找不到树苗，服务极差……动物园里有：一头驴，两只羊，一只金毛，一只兔子，几只鸡，拓展项目，秋千是歪的，图片里网格的秋千已经拖地了，不能玩，买的套票，里面应该有DIY荷兰郁金香的，左等右等都没有一个人，实在太冷，撕了票就带孩子们就走了……或许因为天气原因，但是这次体验让四家人很难接受，宣传里的完全没有体验到					
红烧牛肉麦旋风奥特曼,周末去的，需要预约，没预料到会刮大风。但是还是去了。刚好赶上蕃茄田的团队活动，人还是不少的，10点多到已经没有车位了。先植树，每个家庭3棵树苗，但是基本两棵就体验的差不多了，小朋友觉得很有意思，但是确实风太大了，灰尘大，后来浇水到挂牌什么的基本上就没人管了。园内还有一个盆栽，郁金香可以带走。另外有羊驴鸡兔子等小动物，不自觉的人挺多，还是会投喂食物。没养过动物的人不知道，动物尤其是幼年的小动物最忌讳过盐过糖，你自带的食物什么薯片蛋糕之类的，根本不适合投喂，而且会教坏小朋友，对于小动物生长发育非常不好。不过没有工作人员管理制止，确切的说整个农场都见不到什么管理人员。也有玩沙子的地方，但是天气确实不太好，如果暖和点没有风可能会好很多呢。里面吃的比较贵，大人一个人50，小孩一个人40，建议自带食物和水，中午过了基本就没人了。					
小Q先森,又是一个特别好的遛娃地方。周末每天有两场可以种树、做盆栽，小朋友在城里现在连个泥巴都看不见了，难得到这里还能用铲子刨坑挖土，种小树。另外还有养殖的小动物可以带着孩子看。虽然种类不多，但也是一种难得的接触体验。					
Y小帅,服务还可以，环境挺好，里面很多玩的地方，植树、喂小动物、苹果园、桌游、积木、秋千，小朋友们的嗨场。性价比不是最高，比如离得很远或者孩子很小去一趟就不太高。午餐的性价比较低，五十元一个人，目测五六个人给的菜量和两个人的菜量差不太多，多少人都给一盘菜，而且口味做的没有其他农家乐让人回味。希望能改进吧。					
大金牛美食家,感谢大众点评的霸王餐，带着孩子玩了大半天，种树还是很有意义的，孩子刚开始不太感兴趣，渐渐地喜欢上，除了种三棵树外，还额外多挖2个坑.动物园里新生的三只小狗吸引孩子，又耗去一个小时，在游戏区里面就不走开，一遍又一遍地玩，总之，下午1点才走，感觉不错.					
怡轩,抽了一个霸王餐种树，其实现在树还没绿，但是北京蓝蓝的天空，还是让人很有去踏青的激情。老板上海人，在北京搞了这么个大园子，雇了几十个人，虽然因为总有家长迟到导致整个安排有些拖沓，有些家长也有点着急，但是感觉到老板已经很努力了，后来大家也都体谅了，整体还是很有意思的，也祝愿老板生意越做越红火。					
thghtcc,赶在春天还没绚烂的走来，我们两家6人，相约共享花田。位置在北石槽那边的一个村子里，按照导航开进村子以后还要七拐八拐的才能抵达，不要怀疑走错了路，继续就对了活动整体分两块：先是祭拜炎帝，会有老师给孩子们做些简单讲解，带领他们点燃香火，进行祭拜，大人也可以参与和指导，孩子们还是颇感兴趣；然后就是种植小树苗，对于十岁以内的孩子来说还是比较适宜，我们是两个小姐妹一起参与，就更有意思啦，扛着小锄头，选好小树苗🌱，拎着小水桶…如果真能栽活小树苗还是很有意义的事情呢。我们也是在农场吃的午餐，人均五六十元的样子，米饭很好吃吃，剩余的菜品能吃饱，就不要奢求口味很出众了。孩子们可以在农场的户外设施进行体验，玩的很嗨。如果再等一个月，树枝🌿见了绿芽芽儿，花朵🌺开了小花花，捧一书，晒着太阳，溜着娃，那真是完美的周末了					
美妞她妈,提前在微信上预约，搜共享那个名字就可以，打电话也预约了，一般植树应该上午十点到11点，我们12点多到的，上午的朋友们都在吃饭，店员让我们等了一下，下午开始的，种个树木有啥难度，主要是觉得植树节就该做点应景儿的事，团购可以选桂花树和一个啥，忘了，种树很快，挖个坑，放树苗再埋上就好啦，最后再挂个小牌子，里面还有好多小动物，可以买东西喂，还可以喂小羊宝宝，我去的时候羊宝宝刚出生还不让喂，挺适合带小朋友的，当然了，像我这样的大朋友也觉得还可以，就是再弄得完善点更好，适合大人的东西不太多，不过人家本来也是亲子的～明年有机会来看看种的小桂和小花					
李大白的番茄酱挤多了,地方不难找，但是好像比想象的要小，儿童活动的地方还行，有很多木质滑梯和攀爬玩具，但感觉不适合稍小点的孩子，没有太多他们能玩的。有一些小动物可以喂，孩子觉得挺好玩的。采摘很贵，水果质量也不行，后来摘了点菜回去。					
pinklicious,共享花田农场在昌平区，当时买的年卡，可惜就去过一次，里面有有机苹果采摘，农耕体验，儿童乐园，，回归田园的感觉，还有一些小动物可以喂，我家孩子比较小，能玩的不是太多，大点了学点农耕知识还是不错的。老板人超好，非常帅，当天我们摘了十斤苹果，鲜榨的苹果汁也超好喝的～					
芙罗拉的花,这是第二次来这里，提前预约了，客服说这次可以采摘苹果了很开心。到这里时已经是中午十二点多了，签到后领了袋子去果园里采摘，苹果树很多，不过好的能够拿出手的却不多，树上的果子不是太小就是坏的要不就是太高了够不着，发现地上别人扔了的都比树上的要好，连摘再捡的凑够了十斤。苹果确实挺好吃的，红皮的很脆，黄皮的很甜。孩子很开心，帮忙摘苹果捡苹果还帮忙拎着，忙完了又去喂小动物还玩儿半天沙子。很愉快的一个周末。					
kolafish,昌平共享花田亲子农场，买了年票，之前也来过几次，这次是因为苹果成熟了，年票里包含十斤的苹果采摘，所以特意来摘苹果。农场整体不大，但能看出来，主人跟用心在经营，在乡村里经营者高大上小资情调的农场，有一些原木的玩乐设施，沙池，还可以喂小动物。另外，农场有很多亲子活动，包括自然节气类，烘焙，盆栽等等，但每次价格有点贵，还有提供午餐，需要提前在公众号我预约，大人60，孩子40，咖啡，雪糕这些也都有，环境确实不错，但个人感觉各种费用有点贵，如果参加活动和用餐的话，消费还是挺多的。如果价格能更亲民一些就更好了，希望农场越办越好。					
木子三美林,环境一般，服务态度挺好的讲解员讲的很仔细，但是里面没有什么东西可供小朋友玩
只有傻白没有Tian,年卡，夏天太热了，到处都是草，小朋友喜欢去玩沙坑，摘苹果的时候去晚了，只剩小苹果了
封密,之前在别的平台订的年票，现在有苹果采摘了带孩子去玩玩，年卡含十斤苹果，苹果使劲摘都没摘够十斤，好的果树都被认养了（一千多一颗树），剩下能摘的真是又小又不太好，好多树上都是烂苹果，果农说是没打药的缘故，但还好摘到的小苹果口感味道还不错，玩的设施比较旧，到处都是蜘蛛网大蜘蛛，安全性也不高，感觉除了前台那屋子以外都破破烂烂的，孩子手还被扎了刺，虽然有年卡，但也不会再去了！					
深深深深,在某APP上买的年票，一直觉得远所以没来，群里说苹果熟了可以来摘苹果了，所以才带着娃大老远的跑过来。刚到门口看见大葫芦大南瓜的很是兴奋，再往里走有些秋千滑梯沙坑，最里边是些小动物。对于三岁以下的小宝真的就这么点可以玩的。农场会组织亲自动手的一些课，不过都是单收费的。年票可以摘十斤苹果，可是那苹果我也不想说啥了，真是不打药无公害啊，大点的苹果不是虫子就是烂了，真是费劲半天摘了一堆烂苹果回家。全家人表示再不会来了，唉，这苹果值钱了。一个拍照比现场有意思的地方。					
Rachel向往,周末易堵车，从北四环开了两个小的过去，买了年票，只是进门费用其他还是要另付费的，地方虽小但活动还是挺多，带孩子喂了动物逗了蛐蛐，小朋友在沙堆玩了很久，还有两个充气小型游泳池。实话讲因为老板是上海人，午餐很合我的口味，但是量一般。					
刘轩如,刚开业时就办了年卡会员，经常带孩子来玩。在这里可以亲近大自然，带孩子玩玩土，喂喂小动物，就感觉很开心。现在夏天又增加了水动乐，虽然比较小，但是孩子玩得很开心，来一次就盼下一次。小孩子的世界就是这么简单快乐。					
东甫,孩子幼儿园组织在这边进行班级活动。这个地方地点有点偏，交通的话还是开车来比较方便。这个地方在农场里不算大的，比较适合做亲子活动，里面种的似乎都是果树，如果要出去采摘草莓的话还要去别的地方。我们中午在这个地方吃饭，饭菜质量实在是一般，可以吃饱吧。因为活动是老师和其他家长定的，反正一天下来感觉活动也不是安排的那么紧密，如果是自己来玩儿的话，可能人少了会觉得没什么意思。如果集体活动的话，因为人多可的话还可以。					
tutu20132013,误打误闯看到的花田，一下子就被吸引，毫不犹豫买了年票。搁一段时间就带着娃来花田喂小动物，玩小狗，采摘蔬菜和水果，据听说，最近花田里除了池塘外，在餐厅前的草坪上搭了充气水池，供娃儿们玩水，下次一定去看看。上次老板带着我们8个家庭去采摘草莓和摘桑葚，非常有意思，桑葚绝对没打药，白桑葚很甜，就是会有小虫虫呀，权当蛋白质了，还在桑叶上发现了一只野蚕，不是白白胖胖的那种，不认识的真看不出来，采摘草莓，边采摘边吃，特甜。还采摘了花田自己种的无化肥，无农药，有机蔬菜，黄瓜芝麻菜圆白菜等等。。老板夫妇俩都很好，都很健谈，里面的员工也很亲切，认真负责。娃们玩上一天都不想走。					
xiaoqiuq,今天刚去的，参加端午亲子活动。一个很棒的亲子农场。环境干净，服务到位。画草帽，种花，做香囊都有老师指导。画草帽种花的凉棚里面还有苹果树，画草帽时间长，主人点了一小柱艾草放在桌下驱蚊。天然植物拓印特别有特色，现摘的花草，摆好放到帆布书包里面捶打，然后就是一副美丽的画！感觉人人都是艺术家啊😅午饭很好吃一荤两素，农场现摘现做，口味清淡但是很好吃。酸梅汤据说也是农场自制酸甜可口。冬瓜汤米饭和泡菜随便添。我们一家四口，吃的两大一小亲子套餐，绝对吃饱做香囊也很有意思，香料也是自晒薰衣草和艾草艾绒下午茶赞，原以为就是饮料加点饼干啥的。没想到啊，意大利香槟，鲜榨西瓜汁，花果茶。自制小点心。尤其是核桃酥好吃。核桃的香味浓郁，很淡的甜味，咬一口又酥又香。比外面卖的桃酥强太多了农场的菜很新鲜，采摘都有专门老师带着，讲解怎么授粉，怎么分辨杂草和青菜，还告诉我们哪些野菜能吃怎么吃最后还每家送了一束艾草。对了，赶上父亲节，娃还抽中一颗苹果树，算俺家认领了，秋天就能来摘苹果啦总之，很不错的地方，玩一天没问题，推荐推荐					
海伦开心果,这次玩的太嗨了，带上俩娃在沙土里打滚、和泥巴、近距离观察小苹果、喂食小动物、攀爬拓展，小朋友超级嗨，另外也特别喜欢这的午餐，每次都光盘，酸梅汤特别赞一个，遗憾的是这次居然忘了拍照😅简而言之：这里是孩子们的乐园，我想带给孩子们童年乐趣在这里都能找到，工作人员都很年轻，也超级热情，给人感觉很温馨。补充一点：这里来之前需要预约，并且只针对会员开放，我觉得这点挺好，起码孩子们玩的很安全，争取每月都去一次					
初六的月光,服务态度极其差，以后不会再来了
诗UU,凑合一般，服务很好，场地有待开发
菠萝家木木,京郊值得一去的农场，活动丰富，菜品天然。
cookcookie,今天拔草好友的#共享花田会所#男子汉们戏水、喂小动物、摘桃子、拔草比赛、看书看球……和闺蜜聊天喝咖啡一起发呆任时光从手边溜走……美好的周末~孩子们没玩够，还要再来！
火烧昀,环境不错，孩子们玩的开心，项目比较多。午餐干净卫生。老板人超级nice。以后还会带孩子们去玩。
vivian6035,参加端午活动，由于孩子和妈妈都感冒不舒服加上要睡午觉，只参加了几个单项活动，雄黄画额很有意义，植物拓印让我们自己动手留住大自然的美好，采摘的师傅很耐心也很热情（香囊活动非常好可惜没参加），有机会再来！
@快乐~生活@,环境很好，老板热情，活动丰富，中午的午餐也很好吃，遛娃首选
瓔念萄,总体挺不错的，孩子很喜欢小动物，挖野菜也很适合孩子们，大孩子可以参加拓印画，采矿石等活动，等到秋天再去摘苹果。几个意见，第一，院子绿化不错，但是真的太晒了，能不能栽种点能乘凉的大树。第二，喂食小动物的价格偏高，不太值，第三，午饭只有一种价位选择，贵。					
洛水无花,周末去的，正好赶上有活动，一大堆幼儿园的孩子坐大巴来玩儿，还有来包场过生日的，也是挺热闹。这边也是扩建了，鸡鸭鹅驴都有了，吃饭的价格还可以，大人60小孩40，不过就是饮料挺贵，300毫升的可乐要10块……					
航麻麻Elmie,总体还算不错，午饭要提前在公众号上预约，会吃的比较顺利。大人60小孩儿40，说来也不便宜。小朋友玩的还挺高兴的，就是基本上都是户外，现在还行，再热点就扛不住了。如果户外有棚子就更好了。除了路途远还堵车外，倒也没啥缺点……					
wssgcy,娃玩了一个下午非常开心。农场有大片苹果林可以采摘，还有小动物乐园，可以喂山羊，兔子，孔雀等。亲子活动很多，娃种了草莓盆摘，还烤了6个绿茶紫薯酥（自己吃了四个半），还去种了小树苗🌱。还有很多狗狗，娃也特别喜欢。当然还有小宝宝玩的沙坑滑梯什么的，玩一天，妥妥的。工作人员态度也特别好，给我们照了很多照片，弥补了娃爸不会照相的遗憾。					
拉拉豆豆1124,五一假期的第一天，带着孩子们来这里玩。刚停好车，还没进门，就闹个不痛快！门口的一个男的先是问我们有没有年票，我们说有。然后又开始质问我们是不是一家人，说年票只可以家庭成员使用。我们说我们是，还不信，说看着不像！我说用回家给你拿户口本么？再说，我们提前在公众号就买了午饭，因为都是需要提前定的，就算没有年票，难不成还不能进去吃饭了？或者你这些使用情况是不是应该在购买之前就告知？总体来说，这里是一个果园，然后开辟出来一个孩子可以玩的地方，有跷跷板、秋千、建议的攀爬设施等。还有一些动物，孔雀、鸡、兔子和羊。就像前面提到的，在这里吃饭要提前在公众号里买，菜品是固定的，价位也是按人头说，1.2米以上都是60元，孩子40元，2岁以下免费。还有一些亲子活动，比如烘焙、盆栽等，还可以认领苹果树。					
celinebaggio,非常适合带孩子玩的地方，可以在那呆上一整天。农场的活动丰富多彩，有趣、有序。工作人员带着孩子们种花种树，详细介绍种植的相关知识。清明节还有做青团的活动，孩子们从和面自己动手开始，按皮，包馅，揉成团，过程很开心，收获满满。特别是亲子运动会，孩子和家长都很开心！一家非常友爱的亲子农场。					
魔庭痴狂,我们来的时候花还没开，这个地方是一个可以放松，可以发呆，也可以体验耕种乐趣的乐园，里面养了一些动物，可以来这里种树，也可以认养苹果树，听老板说马上也可以有烧烤，他家的餐厅很干净，偏西厨的风格。来这里需要开车，如果周末来需要提前预约，好像周末人特别多。希望老板增加一些趣味性的植物知识给孩子科普一下，这样孩子可以通过种植来认识很多植物。					
dpuser_9052085780,当然要给越多越好的星：）恰逢好时。十点左右到，直至下午三点离开，@共享花田农场给了我们意犹未尽的周末好时光，算是少有的冬日亲子小旅！感谢农场各位叔叔带尼洋接触土地，教她做饼干、画画、喂小兔子，细心引导示范拓展涉及的各种“超难”动作，还有罗斯福哥哥的陪伴^_^农场的午餐超赞，享受美味也发现惊喜和用心……回见！期待在帐篷里看夏日星空					
Huo.Tj,"“佳人苹果脸，瑞士葡萄牙”——今天一家人赶在苹果采摘节的尾巴来到了这家位于顺义区与昌平区交界的共享花田农场参加活动～这家位于凤凰岭的采摘园阳光充足，空气晴好，环境宜人；现代简约的商业风格与古朴自然的生态农业结合完美。工作人员小周等新朋友非常热情友好的接待了我们，午餐推荐了水饺，小周还给儿子赠送了鲜榨无添加的苹果汁。虽然餐厅的餐点价格并不便宜，但是舒适别致的环境还有工作人员的负责态度让我们非常开心。早晨打电话预约的，接电话的刘女士特意给我们一家开的专场，整个农场只有我们一家游客的待遇让儿子高兴极了，先是跟场主罗斯福小哥哥玩了拼贴积木，又在小周哥哥和爸爸的帮助陪伴下和小哥哥一起尝试了秋千，射箭以及攀岩等等“新式运动”（据介绍负责人老板娘刘女士还是某儿童著名射箭协会的教练）～儿子一直很喜欢一首儿歌“Applesong”,今天终于得以亲见苹果树和树上的果实，还用苹果喂了农场里的“大胃王”大白兔们，所宜匪浅，感恩、感谢🏻🏻🏻🏻🏻🏻🏻🏻🏻～～～～！！！！！！！！！					"
墨墨磨墨,今天不是周末，来了农场他们的工作人员也热情的招待了我们，还碰上集体活动大卡通狗很nice，主动来和小朋友拍照。这个农场与众不同，风格比较时尚，卫生间很干净，服务员都是年轻人很有活力，对小朋友也很照顾，以后娃不上课会经常来的，据说马上就可以有各种有机蔬菜了，期待，给个大大的赞					
柠檬,适合带孩子去户外活动亲近大自然的好地方，户外除了有有机苹果园，还有一些小动物，很多事运动和游乐设施，室内环境也很好，可以吃饭聊天，看书发呆，玩桌上足球，乐高磁力片也都有，总之每次去孩子们都舍不得走
铮儿123,这里吃喝玩乐一条龙，孩子玩的不亦乐乎，期待着参加采摘和种植活动。
Jocelyn,服务态度极差，用麦涛亲子预约还不好使，进门就让买中午饭，结果还迟迟不给吃的，能玩的太少了，就当买了十斤苹果吧，希望大家来这里要慎重。
benq_5425,不好，起码现在去很不好，看不见绿色，地方很小，玩的地方非常晒，能玩儿的地方也少，小动物园动物太少，很小一片区域，只有小狗兔子鹅鸡羊，不要相信图片……
dpuser_9550958582,干净美好又有趣的果园，大人孩子都喜欢，以苹果树为主，蔬菜主要供果园餐厅的客人食用。有儿童蹦床，秋千，户外攀爬设施等，适合春秋季节带小朋友跑跑采摘。场地还可以举办亲子活动公司团建生日聚餐等活动。
dpuser金金妈,今天参加了孩子们毕业季的亲子活动，真的没选错地方，这家农场超级赞，设计风格有艺术感，又干净整洁，工作人员全程组织活动，专业有序还有专人给我们拍了很多照片，特别特别感谢！最重要的是孩子们一整天玩得很开心，是家用心经营的农场，值得推荐！					
carolcarol2008,放假正好看到花田有活动就参加了，特别好的体验，价格也适中，午餐也不错量大都吃不完。工作人员都很敬业，带大家做了烘培，草莓盆栽，喂小动物，采摘，真是辛苦啦😄主要是娃开心玩儿了一整天还不想回家，回家路上还收到了农场给每个家庭拍摄的照片，好赞！必须好评，期待下次相聚！					
琳琳ai佳佳,娃炒鸡喜欢每天都要来😆挖沙子儿童乐园看动物摘野菜挖野菜采蘑菇一条龙很好户外活动好去处
