用户名,评论,评论时间
匿名用户,真的不建议去，早上八点多打电话说要过去，告知没有人可以直接去。等到了，说没预订没有位置没法烧烤？？？！！！没地吃饭让先交钱玩？？？东西都没地放？？？老人孩子都没地坐怎么玩呢？？？？不止我们，到了时候看到其他很多家都有这个情况，感觉都是被匡来的。。。。。城里太远，大家来了以后都没办法只能忍着凑合着待着。。。吵架的，嚷嚷的，地方很小，两个小水坑，怎么就组织不过来呢？？？？如果没有任何组织接待能力，就不要为了赚钱把大家匡来，实在不妥，因为没有这个赚钱能力，就赚不到那么多钱。有多大能力办多大事。。。大老远的过来了，烂七八糟，特别的脏，去过很多农家乐，其实不讲究规范，也不用太讲卫生，开心就行。但这里实在太恶心了，吃不到玩不到，没有一点点的规范，老人孩子来了就是受罪，耽误时间影响心情。现场很乱很乱很糟糕，周末节假日要想带一家子放松，这里绝对不能去，大老远被骗来就只能忍着，玩不痛快。					,2021-04-04
尉迟猫,钓蟹小达人上线~今日战绩：钓了16只，不到五斤只要掌握了技巧其实不难的哈~除此之外还能烧烤，能自己带肉也能从老板这儿买串儿，边钓边烧烤，一点都不着急，特别惬意很好玩呀而且螃蟹看起来都挺大的，基本都是公的，个儿大结实，钓出来可有成就感了除了钓螃蟹以外还能采摘，捡土鸡蛋，能玩儿的还是挺多的这里的小动物太多了，鸡鸭鹅之外还有一只今天刚刚出生的小羊羊，见谁跟着谁，太可爱了~但是这里吃饭就没什么好吃的了，菜特少，一个排骨豆角焖卷子一个炖鸡，好吃点的可能也就摊鸡蛋和葱油饼了					,2021-04-04
dpuser_3398305624,【特色体验】：钓螃蟹🦀️可以租杆，附带鱼饵，钓杆没钩，有种愿者上钩的感觉哈～全靠螃蟹自己夹住。池塘不大，但是感觉螃蟹不少，因为还挺容易上钩的，但是由于螃蟹过于机智，出水就脱杆，所以需要配合网子瞬间兜住，最终能不能得到它全靠缘份了，哈哈！最后称重算钱，45元一斤。这个池塘据说4-8月可以钓小龙虾🦞，旁边的池塘还可以钓鱼，难怪霸道总裁的要承包鱼塘，原来这么赚钱【用餐推荐】自助烧烤🍢这个地方用餐分两类，一类自助烧烤，一类点餐。倒不是说自助烧烤有多好，主要是点餐选择比较有限，主菜都在门口大柴锅里，标准农家乐菜式。还不如自己烧烤，炉子+炭火+调料一共50很方便，慢慢烤串串，一边烤一边钓。再点几个凉菜或者自己带点儿零食，完美。【服务】没有期望就没有失望周末人满为患，所以全靠自助，自己找位置，自己画菜单，自己拿碗筷，自己端菜，反正别计较那么多，开心最重要。【其他】池塘旁边还有一些零散的小动物，小羊、小猪、兔子、鸡。小朋友还可以走进鸡圈去取鸡蛋🥚，拎个小筐自己那，出来称重就行。					,2021-04-03
薇薇薇Vera,十一带孩子玩玩，钓螃蟹🦀可不是那么容易的四个大人掉了半天才五只。说说其他的吧环境不要要求太高，饭菜做的很好吃家的味道，我们也烧烤了，食材都是从他家买的，质量份量都OK，就是十一期间人爆满食材供不应求，等待时间有点长。我带着孩子去旁边果园采摘了红果，挖了白薯。孩子们非常开心收获满满的！体验感差点主要人多，但是性价比很高。连玩带吃一天每人才一百多点找个周末早早的再去一次多钓点🦀					,2020-10-03
SKa666,十月一号打电话问的，2号早上一路畅通，九点就到地方了，第一个到的，去的早螃蟹多，还可以找好点的位置，到十点多人就多了围满了人，不过也不知道是不是运气好，钓的特别多，这样的桶，钓了三桶，超有成就感，第一次钓没想到这么好玩儿，孩子也很喜欢，早上人少，奶奶带着我们看了刚出生四天和俩天的小兔宝宝，中午人少没烧烤，吃的铁锅炖柴鸡，特别好吃，很软很入味儿，还有主人家的小猫咪简直太乖了，抱起来撸都很乖，大人孩子都太喜欢这地方了，下次还来					,2021-04-05
landysj,十月一日吃完午饭来钓螃蟹，一路畅通，不堵车，地方好找每根钓竿付款二十元，（其中十元租竿，不限时间，不钓了拿竿退10元押金）公蟹个头大，母蟹虽然小，但满黄，老板娘一家很热心，老板娘的女儿还送了两个抓娃娃币，有时间还会再去					,2020-10-29
许诺,无意间在大众点评看到南城也有钓螃蟹🦀约上小伴儿出发🚘从南三环出发路况很好，大概30分钟左右吧，我们到的早把车开进去了，里面的停车的地方都是泥，环境不太好，过节期间人多，车子可以不开进去停在路边走进去，带孩子个人觉得有点儿不太方便。钓螃蟹🦀一个杆10元，有网子，桶。还可以钓鱼🎣还有一些小动物，正好赶上刚出生的小兔子🐇很可爱。就是环境吧……真的需要好好改善改善。有农家饭，也可以自带烧烤是收费的。温馨提示：带孩子家长一定一定要注意孩子的安全，钓螃蟹🦀的池子边上从外面杵在池塘里一根粗管子，孩子从那里过一下就给绊倒了，地上都是石子儿，孩子的腿🦵都挫伤流血了，我们自己赶紧拿酒精消毒，孩子哭的不行，我们就这么结束🔚了					,2021-04-03
云烟就爱吃,用点评记录生活十一补记之钓螃蟹。依然是大众点评搜到的，下了高速沿着弯弯曲曲的小土路一路开过来，一开始还开过了，拐进了旁边种植木耳，蘑菇的院子，又开回来停路边。里面真是不大，十一人也多，大家基本上就围着小小的芦苇塘钓螃蟹，旁边的鱼塘还比较大，但是钓鱼的人却不多，随便玩一会儿就差不多了。					,2020-10-14
柯勒西百合,【位置】门口没有明显的指示牌，大多人都在门口找不到位置。【环境】人特别多，明显超出了服务量，没人管全靠大家自助，想赚钱想疯了这是，有多少人接多少人。【服务】总共就看到了5个服务人员。其中有两个还是小孩子，才十几岁……雇佣童工？定好的位置没有椅子，也没有人管，一个人的费用是20，可以烤串，【炉火费】最让人接受不了，不管你用不用你都要交50，这就有点强买强卖了，我不用你也要收我钱啊，可能是因为没在他这点菜。反正就是胡乱收费。【钓螃蟹】一群人围着一个坑，租杆子20，捞螃蟹的网子都是破的。大家都在抢网子，抢椅子……🌟总体来说体验感极差，真是的头一次给差评，要不是路途远，真想直接就走了，老板脾气比客人都大，反映问题不解决就算了，还拱你的火气。不会再来了，也不会推荐大家来。					,2021-03-30
丁丁5257,清明踏春好地方，有很多小动物可以喂，除了钓鱼以外这个季节还可以钓小龙虾，地方挺大的，也很好找，老板服务好，都很客气，中午可以吃烧烤，还有铁锅炖的各种菜，等秋天再来钓螃蟹,2020-10-02
shirangxin,早上九点半开始，主要是奔着钓鱼虾来的，孩子玩的很开心，提前联系约的饭桌，还可以自助烧烤，钓的小龙虾也后期加工，钓的少不够吃，元气满满的一天,2020-10-01
Sunny,初次体验垂钓好玩，孩子大人都挺满意，美女老板服务体贴周到，还能喂可爱的小动物，自在～,2020-10-09
hkwbting,清明小长假放假第一天，正好赶上开业第一天，可以钓小龙虾，钓鱼，喂小动物，适合小朋友玩！大人很轻松，在边上晒太阳！,2020-10-22
相识在初秋,今天上午去的，人不算多，娱乐项目齐了，钓鱼，钓螃蟹，萌宠乐园，骑马等。反正大人小孩都有的玩，老板说4月3月正式营业，而且来腰提前说，怕没地，期待开业时再去,2021-04-05
匿名用户,休闲娱乐的好去处，工作之余很好的放松,2020-10-07
mianbao_shu,跟着电瓶过来的，孩子一直嚷嚷钓螃蟹，离家很近，三十分钟的路线不错，方便。池塘里钓螃蟹，一人一个杆，早上人很多，下午人会少些，还能自助烤肉，不错现在这天气螃蟹公的多，母的少，要有足够耐心才能吊上，一下午收获不多，也算略有遗憾。周边有采摘，喂养小动物！还能捡鸡蛋，适合亲子活动，也适合家庭聚会。唯一不足的路边没有指示牌，门口不明显，差点开过路！					,2020-10-05
匿名用户,最近很火的一家店，就在青云店，我看离大集不远，大集听老板娘说今年不开了。钓螃蟹来这家店两次，第一次是上午，很好钓，有公有母，周末人比较多，超负荷，店里根本顾不过来，乱一团，第二次是下午，钓了两只，大概有七八波人一起钓，就我们钓出来两只，有一家子一下午没钓上来，气的说离天黑前赶紧走，去买点。但是螃蟹到快天黑的时候就会上岸，直接捞，小孩子玩也有意思。店还是不错的，老板也是善人，一下子火了人多了，体验感下降。希望越来越好吧。					,2020-10-11
810自由女神,哇塞！这个地方，满足了我所有想干的事！钓了螃蟹，挖了红薯，刨了花生，摘了好多的菜。钓螃蟹挺有意思的，很好上手，一个多小时钓上来13只。螃蟹口感也很好吃！特别要感谢这里老板的弟弟，一个健谈的小伙子，我家车没有电了，打不着火，他带着我家老公去村里借了工具1，车修好了，要不我们找救援可就费劲了。还有就是她家这鸡蛋，特别好吃！会再来的！					,2020-09-30
sophy_cnn,导航走京台高速，跟着导航走很好找。上午9点多到的。人还不多，中午人会比较多。想多抓螃蟹要早点来奥。可以自带捞鱼网子，螃蟹还比较好钓。也可以钓鱼。农场还有各种小动物，猪，兔子，鸡鸭等。带小朋友来非常不错。午饭有一锅熟，摊鸡蛋，炖鸡，菜品种不多，能吃饱。小朋友说下周还想来					,2020-10-17
小宇哥670027577,第一次体验钓螃蟹。太难钓了。这螃蟹太聪明。于是耗到晚上等着螃蟹自己往上爬。院子里还有兔子，猪，羊，狗狗，还有一只神出鬼没的猫。自己可以带胡萝卜和菜来喂。还可以捡鸡蛋鹅蛋。鸡蛋是柴鸡蛋，还有大白菜和红薯。不过来的晚了都被摘光了。可以自己烧烤，也可以点菜。推荐溜娃一日游					,2020-10-17
XZ121,导航位置很准没有导航可能真找不到老板人很亲切螃蟹个头也很大大众上团45一斤调螃蟹的杆10元不限时最后租金退还螃蟹可以直接加工也可以带走老板说早上和晚上螃蟹最好钓（捡）中午下午有些难搞旁边有采摘园蔬菜水果还能捡散养的鸡蛋适合遛娃的好去处					,2020-10-11
朱大福_8397,一定要提前预约！！！提前问了老板，九点开门营业，我们8:50到的，但是！！！蟹池子围了小半圈的人了，晚到一会就没有地，没有抄子，没有钓竿！蟹池子不大，但是蟹不少，时不时的就能听见各种欢呼声（钓上来了！）临近饭点，就看见老板各种忙，一定要提前跟老板点菜！有各种大锅菜，也有烤串！20/人，50/套烤炉、炭火、小料，50/鱼竿/把，20/蟹竿（10块押金、10块使用费）					,2020-10-05
我是小猴子,钓螃蟹小达人～战果哈哈哈哈，大家值得一来！巨赞🏻老板人超级奈斯，可以提前给老板打电话预约，老板会给合理安排时间哦～后边院子里还可以掉小龙虾的、其次院子里的狗仔超级乖，可爱，不认生～还有一只灰色的小猫咪🐱，小朋友追着到处跑很是开心重要的是可以在店里吃饭，炒菜，烤串都有，串儿巨大，肉🥩嫩，螃蟹也可以加工的哦～					,2020-10-11
眼镜先生,之前年年去蟹岛钓螃蟹，今年特意在点评上查了下，发现了这家店，开车四十分钟到地，钓了一个半小时，一共十四只，不到三斤，很不错的体验，旁边还有只可爱的小松来回转悠，但没看见传说中的偷鱼猫，中午自己烤的串，店里就老板和老板娘两个人，忙来忙去确实很辛苦。					,2020-10-01
匿名用户,简直差到你不能想象，一堆不专业的服务员，就在那说忙，没见干啥啊，桌椅板凳都是自己弄的，连上一桌吃完走了，是我们自己收的，然后自己擦的桌子，铺的桌布，最夸张的是茄子辣椒直接从箱子里拿出来，拆去包装，没洗，直接切了烤，钓小龙虾太贵了，也是他们买了放进去的，我们肯定是不会再来了					,2021-04-07
dpuser_4283147958,周末带着孩子找地方，在大众上搜到有钓虾的就来看看。院子不大，中间有两个池塘，周边都是桌子和碳炉。炉子带碳50一套。烤串羊肉5元一串，不建议大家点脆骨，超级不好吃，烤熟之后不知道上面那个酱是什么。鱼豆腐还好，玉米是煮熟又冷冻的味道还可以。羊肉太肥腻。好的是可以单点菜。价格小贵。自己去点菜，交钱，端菜。口味一般。周边有小动物可以喂。30一份胡萝卜🥕。环境嘈杂。有些乱和差。一刮风都是土。人多之后各种垃圾往池塘里飞，也没有人清理。小孩子可以喂个动物，捞鱼30。钓小龙虾5斤以下50一斤，5斤以上60一斤。我也不知道怎么算的。他家院子真心不大，承载量最好不要超过十户。体验不是很好，以后不去了。					,2021-04-07
freeze1900,老板热情…钓虾好玩…烤串好地方…什么都不用带…全都有…很方便,2021-04-07
匿名用户,服务周到环境优雅食物新鲜好吃美味和同事一起聚会非常开心下次还继续来棒！！,2021-04-06
迷人小高,晚上最后一家去的，环境很好老板也很热情。半个小时左右钓了一斤小龙虾，好吃好玩，推荐,2021-04-06
白夜_5236,迟到的点评，带孩子特意来钓螃蟹人很多说是钓螃蟹其实是抄螃蟹可能我们赶的时间不对一个没钓到好在孩子很喜欢,2020-12-26
王智星_2770,交通：大兴青云店，周末可以带孩子去钓螃蟹！！免费停车钓鱼钓虾钓螃蟹，还可以捡鸡蛋，挖红薯挖花生挖土豆摘梨，足玩一个周末！炉子炭火20元，可以自己带肉吊杆+诱饵20元，螃蟹45一斤还可以哈，主要是乐趣。加工费20。					,2020-11-16
诚成,节假日人超多，一定要提前预约，不然去了没有饭吃。螃蟹有大有小，但真的很不好钓。咬钩后要慢慢用网子抄上去。而且因为天气凉了螃蟹都在池子中间，基本趴着不动，真的很难钓到，如果中午想吃可以去厨房后面的池子里捞，有零散的几只也不多。反正不要奔着钓很多螃蟹来，就是过来吃个农家菜，乐呵乐呵					,2020-11-11
皮揣子大萌,地理位置有一点点远，高德导航可以直接搜索到，钓螃蟹也是个技术活儿，钓了两个小时就三只，其他都是岸边逮的。哈哈～钓不上来就没的吃了！农家菜味道不错，还买走了只大鹅！5月初还有龙虾钓，9月开始到10月底螃蟹就结束了！快点来玩吧！					,2020-11-06
jzyuan1,跟着导航还算好找，停车场较小，去的晚了没有停车位。要了两个螃蟹杆，钓了半天一个没钓到，加钱换了鱼竿钓鱼，给的鱼竿浮漂竖不起来，一个没钓到，可能人多，老板很忙，顾不过来，几乎都是自己找。中午吃饭味道还行，柴鸡好吃，一锅鲜面多有些硬，室内的吃饭区卫生也一般。本来想捡鸡蛋，看了下环境还是算了，太脏了，可以喂兔子，猪，羊，也算是有特点，儿童滑梯很脏，基本就是看看。总体来说，商业开发的不错，钓到的鱼20一斤来说价格太高了，鱼以鲫鱼和鲤鱼居多。菜5块一斤，与其他家3块一斤相比也偏高。体验下就行了，以后应该不会去了。					,2020-11-01
被欺负小孩,看了大众点评种草好久了，就想带孩子和老人老体验一下。老板很热情，今天的收成真的不小，孩子很开心，尤其是钓上螃蟹的时候很有成就感。他家还能采摘、捡鸡蛋，烧烤、农家菜也有，可以空手来，满载而归。想来的赶紧，天冷了老板就该清坑了。					,2020-10-31
匿名用户,老板看小朋友摸兔子，就问买不买兔子，不买别不让小孩摸小兔子！之前也是看到很多小兔子，和小朋友和小兔子的合影才去。不买鸡蛋也不让进鸡棚。服务态度不好，吃饭桌子都得自己码放，到处都是臭大姐和土，很脏，清理不到位。哪里都爆土扬烟！如果不吃烧烤也没几个菜可点。每个烧烤挨着很近，过道都快没了，小孩跑来跑去也容易被烫到。					,2020-10-31
Lufangbo,服务老好了，可以钓鱼，可以烧烤，老板人还好，特别推荐，经常去！,2020-10-30
贪吃兽小乖,小孩玩玩还行，螃蟹不太好掉，串串可以单点自己烤还不错,2020-10-30
又又44,能烧烤能钓鱼能喂小动物很好。带孩子玩玩很开心,2020-10-28
匿名用户,抓了螃蟹，钓了鱼，捡了鸡蛋。孩子们特别开心！,2020-10-25
匿名用户,九点开门就到了，感觉像承包了整个鱼塘，早上螃蟹还挺容易钓的，孩子确只喜欢沙坑.........又拔了点葱和菠菜,2020-10-25
请叫我贾贤惠,钓螃蟹挺好玩，老板热情，还能代加工，建议大家工作日错峰来玩,2020-10-25
匿名用户,特别推荐这家农家乐可以钓鱼钓蟹自助烧烤采摘应季蔬菜还有很多小动物是一家休闲娱乐的好地方,2020-10-25
晓_578171,不错的选择钓螃蟹好去处还有迷你动物园,2020-10-25
fangxilingzi,这地挺好玩，带孩子体验农家生活很不错，钓螃蟹，摸鸡蛋，各种小动物，很不错！,2020-10-24
匿名用户,又到了一年一度的吃螃蟹🦀️季节在网上无意间发现了这个地方还可以钓螃蟹，出于好奇看了点评就来了。交通：按着导航走路从家出发快到时候不是很好走，车底牌低的一定要注意正好赶上十一小长假去的，人是真心多环境真的是挺差的乱七八糟，去了店家根本没有功夫搭理你，叫了半天租了个杆子钓螃蟹，钓了一下午一个也没有钓到，最后放弃了。咬了好几次钩也上不来，拿那破网也捞不上来。没劲，下次不会再去了！体验感极差！					,2020-10-24
咖啡酱酱,十一时就想来，打电话大姐说人太多别来了。这里的蟹是店家从小蟹养大的。上午十一点多来的。经过一天努力钓了四只大的，小的。就是太晒了。早点可以捡鸡蛋，鹅蛋。还可以钓鱼，采摘，非常适合一家来玩。有烤串可以吃吃喝喝					,2020-10-24
1234吃饱饭,周末人比较多，中午赶到，兴冲冲地架杆钓螃蟹，一开始怎么也钓不上来，漫漫有感觉了，钓了好几只，就地解决。园子里可以电螃蟹钓鱼，捡鸡蛋，还有些小动物，可以烧烤吃饭，玩的很开心,2020-10-20
dpuser_73027931807,十一来的，人巨多，老板可能没接待过这么多人，到处乱哄哄的，影响体验。项目还是好的，看有没有机会再来吧。,2020-10-19
Miss西_835,今天初到虾蟹友鱼，钓蟹钓鱼，玩的开心，吃的舒心。承蒙老板母女热情关照，在此一并谢过。此地为城南优选农家院根据地，绝对的唯一,2020-10-18
QBM_2578,下午两点到的人还挺多太阳晒得很舒服开始不知道怎么钓有点费劲后来找到感觉了一下能连好几只有时候还能在岸边捞几只挺有意思的没玩够下周还想来哈哈哈,2020-10-18
dpuser_2618881104,院子特别大，好停车，钓到了6只大螃蟹，回家可以吃一顿了，这里也可以吃饭，烧烤，很不错,2020-10-18
A00“TTT”王蕾*,老板服务特别好，螃蟹又大蟹黄又多，下次还会来！,2020-10-18
牛二她姐,带着孩子一起来的地方很好，环境也很棒，有小兔子小鹅，狗狗🐶，小绵羊，小猪猪，小猫咪，大家釣的都很棒，每家都有收获，下次还可以再来哟,2020-10-17
闪_2257,好玩儿，明年多来，再战钓螃蟹很好玩,2020-10-17
消失在风中_2211,带小孩很好玩，自助烧烤钓螃蟹捡鸡蛋，很好玩,2020-10-17
花钱吃的香,比想象中难钓很多价钱不贵还算可以,2020-10-15
lsymrx,人有点多，其他还好，螃蟹不好调，有小动物，菜品有些少，适合自带东西来烧烤,2020-10-14
A杨光,环境很好，螃蟹也好。老板人也很好。值得推荐。,2020-10-12
Sylvia_9288,已经第二次来了，很好玩的钓蟹场，孩子非常喜欢，钓不上来的时候还能从边上捞。中午可以烤串，点餐，葱油饼超好吃。服务不错，还会再来。,2020-10-12
心心麻麻,自己也是看点评来的从东三环附近开过来差不多四十分钟左右的车程实话实说吧！到哪里以后门口没有明显标志，如果导航不说停你根本找不到，进去以后给我的第一感觉就是乱进去以后没有人理你，里面有烤串的乌烟瘴气，你需要自己去找这个院的主人好不容易找到了，想在他那里吃个饭，菜单几乎没什么可吃的，随便点了2个菜，一个一锅鲜，一个摊鸡蛋，一个疙瘩汤，一共130元我都不知道吃什么了然后店里的人跟你说，你需要自己出去找地方坐，找到地方以后再过来点菜好不容易找到了坐的地方，点了菜半个小时才上来，人家还说正常，说现做的都慢菜的味道我就不说了，你们懂！然后再说说钓螃蟹🦀，20块钱租一根杆，有十块钱是押金，你就钓吧，反正我是没看见有钓上来的，都是那抄子捞上来的，但也是少数人，几乎都是白板哎呦，这点评我真的不想写了，我保证以后绝对不会再去了					,2020-10-11
猪小乖888,交通：在村子里，只能自驾前往，开车一定小心，周边在修路，沟沟坎坎的，一定慢行特色体验：采摘蔬菜，捡鸡蛋，钓鱼钓螃蟹推荐理由：钓螃蟹很新鲜，刚开始不太好上钩，后来逐渐找到规律，当然也有直接抓的tips：早点去，人少好上钩，要不螃蟹都躲起来了带花露水驱蚊水，会咬大包的这次还是挺有趣的体验，还看到了网红偷鱼喵～特别聪明目前大众点评发圈会有优惠价，48元/斤，都是公蟹，饱满度还可以吧，重在体验					,2020-10-11
匿名用户,好玩儿，螃蟹价格也实惠，挺好的,2020-10-09
恠裑籩,老板特别奶思，两个小时钓了8只，老板说早上来更好钓，价格公道螃蟹肥，下次再来,2020-10-09
悠酱咩,错峰去玩，非常不错的一个地方，价格实惠，老板一家人都特别友好热情，大人孩子玩的很充实。吃的也都很不错，值得推荐，还会再去玩的,2020-10-09
魇琴,环境优雅，非常有意思，是个休闲娱乐的好地方,2020-10-08
铁爷,螃蟹还是很好钓的！可以钓鱼！有超级多很可爱的小动物还可以烧烤～阿姨人很好～超开心,2020-10-08
懒着懒着,超级好玩。带孩子玩一天，午餐葱花饼可香了。城里吃不到,2020-10-08
dpuser_90306574526,环境很好，好多小东西，兔子，羊，猪，散养鸡鸭鹅。还有刚出生的小兔子。,2020-10-08
dpuser_5382377324,螃蟹很大，很肥，傍晚基本都爬上来了，很好抓，味道相当好,2020-10-08
dpuser_5608671348,一日游好去处，老少皆宜，特别适合遛娃小聚,2020-10-08
兔土土,朋友推荐的地方，带娃来合适，螃蟹很多（也有很多来钓鱼的），孩子玩的很上瘾，旁边就有农家菜可以吃，也可以自助烧烤，很方便,2020-10-08
匿名用户,所谓好评都是强制的，不然休想带走螃蟹，想来游玩的想好了在来，出来玩不想赌气,2020-10-08
zbl_216,特别有意思，孩子到天黑也不想走。老板人很热情,2020-10-07
青春怒放的爷们儿,不错，可以钓大闸蟹，哈哈哈哈，好评,2020-10-07
hz2002,可能是体验最差的一次户外烧烤+钓螃蟹，不建议大家去上当受骗！朋友提前定好的位置，到了之后无人招待，并且只有一张桌子没有椅子，问了老板之后，老板很不耐烦的说要凳子可以自己去搬！并且预留的位置每个烧烤炉子旁边都放一个巨大的垃圾桶！感觉他们家是苍蝇店，完全被苍蝇包围着，无人管理！收费也相当不合理，20/人的位置费用给了还要收炭火费！炉子炭火都是我们自带的还要收取50元？像是一家**，门口不挂招牌听说被查抄了好几次了！慎去！！并且下面的好评都是螃蟹每斤便宜20元刷出来的，大家要慎重，不建议大家去踩雷！					,2020-10-07
阳春白雪_元缘,不建议大家去这里，提前预约还没有被合理安排，桌椅很脏，椅子还得靠自己抢，苍蝇到处飞，环境很差，厕所根本就没人收拾脏的让人受不了而且厕所门也关不上，这里管理很差，你叫服务人员根本没人搭理你，上菜速度堪比蜗牛那个叫慢，服务员直接跟你说别点了，点了也得很长时间才能上，看来是钱挣够了就不考虑服务质量了，来这一次真是够了。					,2020-10-07
爱吃土豆的嘟嘟,环境很好，特别大，还能烧烤，有羊肉串，棒棒哒。钓螃蟹很有意思，白天人挺多的，但是特别欢乐，这里的人都非常好，很友善，我们在这待了一天，钓到10多只螃蟹，孩子很高兴，还有很多小动物，鹦鹉，羊，兔子，小猪，鸡和鸭子，适合全家人一起，或者好几个朋友一起来。非常值得假期来的地方！					,2020-10-07
清基,简直就是垃圾中的战斗机杂乱无章门口连个牌子都没有是因为无照经营吗？里面桌子挨着垃圾桶坐在垃圾桶边上烤串好多苍蝇和臭大姐去之前打电话咨询过说场地付费100租用他们的炉子➕50也可以自带。我们自带的炉子碳他还是管我们要了150说你们用不用都得交那50元没有那么大地方就别招那么多人提前预定的说有地到了以后挨着垃圾桶就一张桌子椅子也没有一问说是人家拿走了你们可以自己找椅子搬和着150就用你一块地方所有东西自理破地脏乱差还没有信号厕所门都关不上收费还不合理建议大家不要去					,2020-10-07
J烤N官,服务周到，味道鲜美，自助烧烤钓鱼钓蟹好玩,2020-10-07
匿名用户,第二次来玩了很棒，值得再来一次啊,2020-10-07
小雪儿_5330,螃蟹非常好钓，主要靠抄，网大就好用,2020-10-07
dpuser_93941010263,过节人多，平时来最好。摊鸡蛋，疙瘩汤，烙饼都好吃，螃蟹新鲜实惠，带孩子还可以去摘菜挖红薯，亲子好去处。,2020-10-07
Lyn,服务周到，环境很好，螃蟹很大值得带孩子来玩,2020-10-06
匿名用户,发现南城一个可以钓螃蟹、钓鱼的好地方，每杆租金10元不限时，钓上螃蟹很活泼，个头也不算小。中午还有农家饭和烧烤，烧烤炉店家提供。没事的时候还可以捡鸡蛋、采摘。很不错的地方。,2020-10-06
擦巴巴,地方不大，建议早一点到，提前一天预约餐食，孩子玩的很开心😃,2020-10-06
沃拉德*迪瓦茨,玩的特别高兴，螃蟹也特棒，饭也做的好！,2020-10-06
bj艾窝窝,非常棒，钓了好多只螃蟹，老人孩子玩的很开心！,2020-10-06
如果我现在_8657,周末休闲的好地方哈！做好防晒，不限时的，超值~,2020-10-06
sugarlsg,抓螃蟹钓鱼喂兔子，老人孩子都很满足,2020-10-06
木又寸芬,朋友推荐的，钓螃蟹的好去处，我们是中午到了，先是品尝了农家菜一锅鲜和炖柴鸡，都是农家烧柴火的那种大铁锅，下午开始钓螃蟹，水草塘里螃蟹挺多的，就是要练一下钓的技术，多试几次就找到技巧了，中间还是很多小乐趣和惊喜，特别要说的是，螃蟹很鲜美，娃很满意					,2020-10-06
郭()_7692,10/5去的，十点多到已经人满为患了，钓螃蟹没有地，租了根杆，让自己找抄子和桶，自己各种找了半天才找到，螃蟹一个没钓上来，说去采摘吧，地理也已经没啥可摘得了，就红薯，山楂，老板根本忙的没时间理人，饭要提前预定，我们没预定所以没吃上，反正跟评论一点也不一样、也可以是十一人太多了吧					,2020-10-06
oweigndf,十一期间，去体验了下，人很多，真的很多，都集中在中午午饭期间，没吃到饭，看了眼菜单，嗯，少、贵！点啥啥没有，说我没预定。螃蟹4个人钓了3个多小时，收获16只，还算好钓。商家告知这里评五星螃蟹45一斤，准备带孩子去捡个鸡蛋，被告知有只🐔正准备下呢					,2020-10-06
xiaotiantian123123,孩子玩的开心，还不错，钓螃蟹杆10元一个，不限时间,2020-10-05
美环704,开心的体验带孩子不错的选择,2020-10-05
dpuser_99970991507,提前一天打电话预约的，就这样，大家自己看吧,2020-10-05
机器猫萌小姐,打电话根本没人理，我还傻傻的来了，网红骗子多,2020-10-05
氰化曼,开了40多公里过来钓螃蟹，来的有点晚了，还是钓了五六只。老板说早上来比较合适，可好钓了～假期消磨时间的好地方～,2020-10-05
dpuser_5561648263,这里好多小动物还可以烧烤螃蟹满好钓的下次可以带孩子一起来了！,2020-10-05
dpuser_7265243027,可钓鱼，可烧烤，可钓螃蟹，还有小动物，踏实玩一天！,2020-10-05
仙人球_bj,孩子超喜欢，一个多小时，收获满满！,2020-10-05
我很低调呀,环境很好，服务态度也很好，下次再来,2020-10-05
shamier2008,特别棒的体验，钓螃蟹很有意思，孩子玩了整整一下午？还会再来的！,2020-10-05
矮脖儿长颈鹿,体验感超棒！和家人近郊之旅的绝佳选择！,2020-10-05
玉面魔鬼,很不错的钓螃蟹体验，开始的时候不好钓，慢慢找到了要领感觉下杆就上货，孩子们也很开心，下次一定还要来,2020-10-05
xiaotian20130513,第二次来了，非常好特色体验：他们家有钓螃蟹🦀，非常的火爆，钓了三只公的，五只母的，64也是很值的。推荐理由：这里可以喂小动物，喂猪🐷喂兔子🐰喂狗🐶还可以捡鸡蛋🥚服务态度:服务态度还是可以的，就是有时候人家挺忙的，要等一等「虾蟹友鱼」					,2020-10-05
匿名用户,南城的好去处，小朋友觉得掉螃蟹很有意思，饭菜不错，老板一家服务热情,2020-10-05
踔尔,钓螃蟹俩小时一个也没有钓上来。哈哈哈中午添个菜的计划未能实现。去的人特多，得提前预约吃饭否则没有地方吃。,2020-10-05
耍单儿90,项目挺多钓螃蟹钓鱼喂兔子捡鸡蛋还有小鸟,2020-10-05
131雨露芳菲,十一游玩，来钓螃蟹，适合大人小孩一起娱乐,2020-10-05
V_V傲世雄猫,国庆节人很多，还是得早点来，一上午收获颇丰，吊到半桶小朋友和老人运气都超好，太开心,2020-10-05
Lancelot_zou,环境不错，螃蟹不那么好钓但很有乐趣,2020-10-05
小婷子,不错，住在南城的人来方便些，十一期间是人真多啊，来之前最好提前预定。,2020-10-05
荷包里的美小慧,全家人一起来玩，钓鱼钓螃蟹，还能烧烤，太棒了，必须推荐,2020-10-05
不忘初心,这真不错，能钓鱼能掉螃蟹，吃饭要提前预约哦。,2020-10-05
周丽云_8591,非常棒，螃蟹还挺大的，下回再来,2020-10-04
星,中午两点过来的，人很多，一直没钓上，下午三点半人少了，也找到技巧，到下午5点钓了好多螃蟹，孩子很开心,2020-10-04
小炜_7071,十一带孩子来玩的！环境不错，孩子玩的可开心！体验了一次钓蟹、挖白薯、拔萝卜、拔白菜！还能烤串，提供炉子、串也不是很贵！还可以点一些农家菜！,2020-10-04
dpuser_5195131708,掉了一下午，钓了十五只。大人玩的很开心，不过钓鱼没钓到。螃蟹一定要用大网，其实很好上钩，就是容易跑，前两个小时没抓到，后来用了大网，十分钟钓了六个。,2020-10-04
DAOGU_1157,非常有趣，我老婆钓到5只螃蟹。第一次钓能钓5只很厉害了。孩子也玩的很开心。老板人很亲切。,2020-10-04
ZYC_3252,一个特别舒适的农家小院，主打钓虾，还可以抓泥鳅，荡秋千、玩滑梯。钓虾有窍门，掌握了技巧以后就钓的特别好，我们最后一共钓了十几只虾。抓泥鳅也好玩，泥鳅跑的特别快，不容易抓，抓到了也会很快溜走。不过真的很有趣，孩子还是愿意不断地尝试。					,2020-10-04
dpuser_26635285596,完全不推荐去。在大众上搜到的地点，看点评以为很好，结果到那才知道钓螃蟹好评可以每斤便宜20元，所以可想而知。感觉各处都是坑，捡鸡蛋项目，明显就是买的鸡蛋放进去的，这也就算了，而且都放在一起，孩子根本体会不到捡鸡蛋的乐趣。钓螃蟹项目，人很多，也可能是个人技术问题，当天什么都没钓上来，所以还杆的时候老板一副很不乐意的样子。最后说一下烧烤，到那上午10点就把烧烤定了，还先交了钱，说好是随时都可以吃。结果中午过来吃的时候，已经让别人把位置占了。说是一会通知我们，结果一等就是一个多小时，最后如果不是自己盯着位置，根本没有人会通知，因为老板和老板娘实在是太忙了，期间没人给生火，不给调料，不上餐具，上错菜，烤串味道还是可以的，就是服务真的太太太差了。其他配套设施也跟不上，没地方停车，供小孩玩的沙坑只有一点点，喂小动物的地方脏乱差。个人认为一个地方要想长久办下去，不能只靠点评优惠，而是应该把服务和各种配套设施跟上，总之不会再去了。					,2020-10-04
k_682643,人很多，钓螃蟹很有趣，人多一般钓不到。小朋友可以喂喂小动物，羊、猪、兔子和鸡，也可以捡鸡蛋和鸭蛋。小朋友很高兴，就是服务人员明显不够用，卫生太差。路不好找好几个口都封了。大众点评好评螃蟹就便宜20元钱。我没钓上来所以说句实话！					,2020-10-04
翡翠月,2020.10.3农家院，钓螃蟹🦀️🦀️🦀️新鲜哈～～钓竿一次10元，押金10元。确实不贵。可以点菜，简单的农家饭。可以烧烤，点单后自己烤，生的烤串。大概有15桌左右的样子。跟着导航走就可以。农家院有鸡，鸭，兔子，小猪。可以喂点食物。还可以捡鸡蛋。停车就是马路边。没有收费。跟着导航走可以。					,2020-10-04
橘色小龙虾,吃喝玩乐都有，孩子老人玩的很开心,2020-10-04
浅予深深,很有意思，掉了3个小时。6个螃蟹。孩子特别高兴，下次还来。大人也挺开心的。,2020-10-03
匿名用户,服务好(✪▽✪)螃蟹容易上钩，就是捞不着吃的不错，鸡蛋尤其好吃，还有饼下次得带网子来,2020-10-03
TOTTI_1979,挺有意思的，钓螃蟹得有耐心，就是十一人多了点,2020-10-03
匿名用户,真的可以钓到螃蟹，非常有趣，还可以煎鸡蛋，大鹅，各种绿色蔬菜，,2020-10-03
123PP456,带孩子过来钓螃蟹，孩子很喜欢玩。以后还得来～,2020-10-03
匿名用户,很好，带孩子一起吊螃蟹，很开心，老板很好！,2020-10-03
瑞_5578,老板非常的nice，鱼特别好钓，螃蟹有难度以后还要带娃娃来，很好的农家院！,2020-10-03
Dansir陈,很有意思的地方，值得带孩子来玩。。非常接地气。可以烧烤，但是必须提前预订，太火爆了啊,2020-10-03
dpuser_16054234645,很不错的吊蟹体验，可以捡鸡蛋，有新出生的兔子🐰农家饭，自助烧烤，假期可以体验一下,2020-10-03
美羊羊烨,体验极差！农村小池塘脏乱差的代表！退杆时特别不情愿！完全不推荐！,2020-10-03
dpuser_29000547353,专门开车一个多小时过去，九点半左右到。有点失望，两个坑，一个钓鱼一个钓螃蟹。钓鱼是50元租一个杆，钓到20一斤。螃蟹10块一个杆，钓到68一斤（如果去大众点评给五星好评可以按45一斤计算）。所以看官明白了吧。鱼坑大些400平米？螃蟹坑300平米？不太有概念也差不多。不太大，人很多。钓了会螃蟹，大约每隔0.5米一个人吧，所以战绩可想而知。有的一上午都没钓到。感觉坑里螃蟹我不太多。最大的公蟹可能2两多吧。一家人在经营，感觉都很忙碌，吃饭很紧张，毕竟没什么服务员，体验感一般，总之专门去一趟，不太值得。					,2020-10-02
飞翔的荷兰号,青云店出口再开二十分钟就到，按照导航很好找。没想到十一过来人还挺多。服务态度很好，螃蟹很好上口，有一些小技巧可以问老板。这里还可以烤串、捡鸡蛋、采摘、挖花生，一系列特别好玩，是个遛娃和老人娱乐的好地方。					,2020-10-02
dpuser_9093435920,掉螃蟹一只也没掉上来，螃蟹65一斤，再美团上全五星好评给45一斤，那地方不大就适合烧烤，而且价格也比外面贵。一串板筋生的5元。没什么可玩的，那地方出去买点东西都不方便。,2020-10-02
邹志宇_9961,环境挺不错的，空气很好，螃蟹个头不小，可以自助烧烤，特别适合聚会！真不错！,2020-10-02
pbhoping,挺好玩的地方，可以钓螃蟹，钓鱼。自助烧烤很好玩。,2020-10-02
*逗妇脑i,非常好！足够玩一整天，连孩子的爸爸都很喜欢。可以钓鱼、钓螃蟹、捡鸡蛋、烧烤。,2020-10-02
刘达_2046,交通：便利好找特色体验：烤串一锅熟都有农家乐推荐理由：带娃好去处，有意思,2020-10-02
dpuser_00579234479,不一样的钓蟹体验，很神奇，孩子玩的很开心，二个小时钓了十几个，中午蒸了，下午钓鱼，开心的一次体验！,2020-10-02
J.Li_1589,钓螃蟹很有意思，小朋友很喜欢！,2020-10-02
汤小圆,掏鸡蛋，钓螃蟹，孩子玩儿的特别开心。老板服务特别好，很热情。以后还来玩儿,2020-10-01
jaysongo,非常好，惊喜的体验，价格也不算贵，值得体验！,2020-10-01
喵RL,螃蟹很好钓，女儿开心坏了，还可以采摘和烧烤,2020-10-01
蓝色的瞬,钓螃蟹乐趣多，还可以烤串，玩一天不错,2020-10-01
抓住那个长脚的宝箱,很好玩！土鸡蛋也好！推荐带孩子来钓螃蟹～,2020-10-01
wang~20161130,很不错，老板很热情，这里什么都有，猫狗兔子，采摘的南瓜花生，捡的鸭蛋鸡蛋，小朋友玩的很开心，不错。,2020-10-01
匿名用户,赶在小长假之前出来玩一开门就进去钓螃蟹早上比较好钓螃蟹都很大只一会儿就能钓不少中午就在老板家现蒸了很鲜美还有刚出生的兔子超级萌老板家还可以采摘挖红薯挖花生摘葫芦采山楂捡鸡蛋鹅蛋新鲜出炉一家子玩得很开心					,2020-09-30
stream_ZHANG,朋友在网上看到了这家钓螃蟹的农家乐，京郊不算很远，单休的周末也可以来玩～～他家很适合亲子，个人觉得钓螃蟹，喂鸡喂兔子喂猪，捡鸡蛋比烧烤什么的更好玩点评评价还有优惠价，螃蟹吊了4公4母，一共64挺划算的烧烤的串串多是冻的，别期望太高就好～老板老板娘和奶奶都超级热情，祝生意兴隆～					,2020-09-30
嘻嘻嘻嘻,今天我们在点评上看见房山可以钓螃蟹和鱼，还有采摘，果断带着孩子来体验一下关键还有各种蔬菜水果可以采摘，小宝钓的超级开心，而且开车十分方便下高速就快到了，我们去的时候有点晚4点多了，钓了4只抄子捞了4只还摘了好多蔬菜和一堆鸡蛋，大丰收哈哈不错的一次体验下次果断还会去的～					,2020-09-28
蘑菇花花_,很不错，孩子钓螃蟹很开心，还采摘了花生和白薯，挺好的地方，可以烧烤，适合带孩子，还有出生不久的小兔子很可爱，就是不幸这段时间被黄鼠狼偷吃了几个，也能捡鸡蛋，老板家的炒茶鸡蛋确实很香，孩子吃了半盘，推荐大家吃！					,2020-09-27
兜兜_7969,很好玩钓螃蟹钓鱼吃的很好，还有小兔子刚出生的,2020-09-27
IceAnna雪,老板特别好！提前打电话咨询，服务特到位！老板告知中午螃蟹不爱吃食，我们掉到4点多，螃蟹上的挺多的，由于是工作日，人不多，我们玩的特好！下回上午来，争取掉更多！,2020-09-26
dpuser_36823103108,非常好，儿子玩的很开心，螃蟹很大也,2020-09-26
刀刀sara,特别好的地方。可以钓鱼可以钓螃蟹最后还捡了鸡蛋完美的一天,2020-09-26
匿名用户,好吃实惠又好玩，自己钓螃蟹，老板给做，完美！,2020-09-26
fafatara,第一次钓螃蟹，满载而归，非常好玩！,2020-09-26
圣诞小熊,钓螃蟹好玩儿，坐过山车一样刺激,2020-09-26
三字经,朋友推荐的，挺不错的，但是周末人很多。他家做的鱼确实味道可以。,2020-09-23
dpuser_5331705311,老板特别健谈，热情！挺有意思，钓了二十多只,2020-09-22
lu5211314,钓螃蟹真不错，钓上来的都是公蟹，小动物挺多天气热还是些味道,2020-09-20
dpuser_88861717848,服务态度特别好，能掉螃蟹特别有意思，体验感五星,2020-09-19
dpuser_8488829592,服务极其混乱，基本啥都要自己去盯着要东西，设施陈旧，遮阳伞东倒西歪没人管。菜品也要啥没啥，烧烤的肉都是冷冻的，没一点缓化，炖个鸡也不是现杀的，做好了堆在厨房谁点就给谁捞一盘…点了个炖鸡、炒鸡蛋、烤串花了五百多…					,2020-09-13
糖饼大人,基本没有什么服务～环境实在太差，非常的臭，可能是因为有猪的原因炒菜很少很少很少，而且味道很一般，主要是推荐客户自己烤串里面有鸡🐔鸭🦆鹅🦢兔子🐰猪🐷狗🐶螃蟹🦀️鱼🐟（鸡蛋可以自己去捡，价格也挺合适					,2020-09-13
dpuser_6222301539,非常好找，大兴青云店下了高速出口，按着导航走就到了。可以钓螃蟹🦀还有鱼，孩子可以去捡鸡蛋，体验一下非常不错。早到一点，中午人就多了，螃蟹好钓但是捞的时候需要技巧。儿子也钓了一只非常棒！一锅鲜味道很不错！					,2020-09-12
爱情证书10,周末，趁着孩子还没有开学，赶紧带孩子玩一会儿，我们来的早，半个小时，孩子们钓了8.9只螃蟹，第一次钓螃蟹，大人和孩子们都很兴奋，老板人特别实在，服务到位，人很亲切，孩子们玩的都特别高兴。还捡了鸡蛋，个儿特大，好吃，当时就跟螃蟹一起蒸了，哈哈。下次还会再来。					,2020-09-12
杨小妞,去年来过很多次了，今年又来了现在可以钓螃蟹了，今年他家螃蟹写点评就优惠，简直不要太实惠最喜欢他家猫🐱，你看这俩货，别人前面钓鱼🎣这俩货后面等鱼上钩，然后叼着就跑，听老板说这俩货已经是惯犯了，钓鱼的同志小心喵					,2020-09-12
dpuser_0376838935,周未带孩子悠闲之地，钩鱼，钩虾，喂小动物，还有新鲜蔬菜，儿子的最爱,2020-09-12
宝宝802,离家很近，带孩子的好去处。周末人气很旺，都是带孩子来玩的，可以钓鱼，钓螃蟹，烧烤吃饭！钓螃蟹挺好玩的，价格也不贵，小半天钓了十几只，一半都是母蟹很惊喜啦！,2020-09-12
Mr.Z_3567,服务很好，我们去了已经很晚了，店里的姐姐还是让我们去捡螃蟹了，还给我们做好让我们吃，螃蟹肉很多，蟹黄也真的超多，我一个对螃蟹不怎么感兴趣的人都觉得很好吃,2020-09-11
robertian,第一次来，很欢乐的农家院，可以钓螃蟹钓鱼烧烤。螃蟹钓了好多，直接蒸着吃了，环境也很好，很多小动物，烧烤炒菜也不错，五星好评～下次还会过来的,2020-09-06
auvrex,环境还不错，孩子玩儿的很开心。,2020-09-06
A.ZzzZzz,地处青云店，离市区不远。早上来开始钓螃蟹，收获满满。还能捡鸡蛋，采摘。带着两个宝宝玩的还不错，场地费一人20是农家院里比较便宜的了。客人挺多的，感觉有点忙不过来，但基本上自己都能解决。,2020-09-06
小哲爷1021,总算是在市内找到个可以钓螃蟹的地儿了，周末。带着家人放放风儿，,2020-09-05
dpuser_8558649410,第一次来，钓鱼钓到手抽筋。饭菜可口美味，相当不错。小动物也特别多。一次很舒服惬意的周末时光。适合带小朋友来还可以钓螃蟹🦀️以后有时间就来玩玩,2020-09-05
神圣乌鸦,院子不大但也够玩两位小姐姐很愿意陪孩子们玩耍烤串货真价实今天还去捡了鸡蛋,2020-08-02
斐狒狒,老板厉害了，他们本意是有个玩儿的地儿，就顺便开了一个，给人的感觉就是自在舒服，地方不大，但很开心,2020-07-11
八尾猫的兔兔酱,是让人觉得惊喜的一个农家院～最初只是追着点评上的排行，图着离家近选了这家，没想到发现了一个宝藏聚点儿。穿过一大片果园到达院子的中心，老板娘是个北京大妞，不光做了一手好菜，还为人爽朗。院子中间两个鱼塘，大人们可以钓鱼，竟然老板娘还贴心的准备了捞蝌蚪的工具，一到院子就告诉小朋友们可以捞蝌蚪，结果就是一群小朋友围着鱼塘玩的怎么都不肯回来。院子里鸡鸭鹅，兔子，小猪，猫猫狗狗甚至还有大火鸡，带上菜叶就可以去喂啦烤串从炉子到肉院里都有，不用自带相当省事。烧的是传统木炭，老板配了固体酒精，不用担心蓄不着。烤出来炭火气十足，很好吃。店里农家菜随便点，没有坑，疙瘩汤可以做成少油少盐，特别适合孩子们喝。一锅鲜超级入味还不咸，葱花饼热的时候最好吃，外酥内软。葱都是老板娘院里种的噢吃完饭还能捡柴鸡蛋，或者去旁边果园采摘应季的水果。不同季节去玩的不一样，秋天据说就可以钓螃蟹了～小院玩的多带餐食，还离市区近，推荐					,2020-06-06
猪小栗Lea,两个淘气鬼，在这玩得很开心。地方虽不大，但是吃喝玩乐都能满足上午和下午，都有固定时间去捡鸡蛋，城里长大孩子，木有感受过，觉得非常有意思。我们自带食材烧烤，也点了些菜品让老人家吃。推荐一锅鲜，真的特别好吃！😋					,2020-06-01
dante9733,在家里实在是憋的难受，就想吃烧烤，和朋友相约走起交通：开车挺方便的，导航直接到特色体验：烧烤环境还可以，桌子之间距离有点近。钓鱼纯粹就是为了玩，根本不上钩喂动物小朋友还比较喜欢可以自带烧烤也可以去了再点餐推荐理由：还可以					,2020-06-01
达拉蹦哒,假期和家人一起出来烧烤这个地方还不错可以自带烤串也可以在这里点然后提供炉子炉子50一套每人在交20元就可以啦我们是自带的串然后又点了些凉菜连吃带玩儿的一下午里面还有好多小动物可以互动下还有可以钓鱼的地方也是非常全面了					,2020-05-27
渔与煜臾鱼,来了差不多三四回，主要是奔着钓鱼，朋友负责烧烤然后给我送来，所以只随便拍了几张。由于疫情原因，之前的个别小娱乐项目没有了，老板娘说了以后会恢复，主要是为了控制客流，来之前一定要预约啊，就算控制了也几乎满员了。我觉得主要原因就是他家的肉串很实惠，大串哦，外边同等价位的肉串跟这里简直没法比，比如某某店的15元红柳大串，我觉得跟这里的肉量差不多，北京人就是局气，绝对不会为了一点蝇头小利坑顾客，为的就是口碑。钓鱼的时候听旁边几桌人聊天，基本都是三刷四刷或者朋友介绍的。这里离市区很近，下了新修的京台高速开十分钟就到了，很便利。之前去远郊农家院玩累了回城再遇上堵车简直就是煎熬，我觉得这是近郊最好的去处了，所以来了很多次。老板娘说今年附近拆迁，暂时雇不到服务员，所以把家里老人孩子都叫过来帮忙，可能有时候人多了上菜速度稍慢，这都是可以理解的，将心比心，现在干什么都不容易。等到秋天的时候可以摘菜摘水果什么的，目前有桑葚和草莓可以摘，自家种的小葱蘸酱简直是美味。还有很多值得夸奖的地方留着下次评论吧，跟几个住南城关系不错的朋友已经商量好了，这里以后就是定点根据地了					,2020-05-24
dpuserAt_9642138683,两个北京大妞自己开的小院子，这里可以钓鱼，捡鸡蛋，烧烤。食材可以自备也可以和老板预定。菜样不多，但做的很不错，两个女老板自己从早忙到晚，每个月就放假时才营业。人不多，过一段还可以钓螃蟹哈。第二次来了，以后还会来玩。临走又拿着鸡蛋，又拿着鲫鱼，有收获超开心！					,2020-05-17
阿杜他爹,真心想说，服务非常好，碎碎细细的各种忙碌，老人快70了，两个双胞胎的闺女比我家女儿大一岁，也一起帮着忙前忙后。11岁的宝贝真心不舍得她们那么劳累，最后吃完一起帮她们收拾桌子！有时候真的需要换位思考，尊重并理解，享受服务的同时要记得感恩！					,2020-05-02
诺水东流,端午节，想和朋友几家一起外出游玩，在大众点评搜到这个地方，说是可以喂小东西，骑马。但是端午节假期，生意太好，实在是爆满啊。没有小动物也没能骑马，只是吃了一顿饭，不过饭菜味道还可以，临走老板还送了自己做的粽子，很好吃。					,2020-05-02
半个苹果,#点评有礼#想钓鱼了，无意间搜到这个，名字听着很有意思！打电话过去，对面的美女很热情的介绍了价格，可以钓鱼20/杆，钓上来按斤称重，也可以自带鱼竿，钓螃蟹10/杆，钓上来68/斤，走地鸡150/只，管杀处理20/只，做好30/只加工费，价格倒也不贵！不过一下午一无所获，啥也没钓到，旁边几位钓友只有一位钓上了4只螃蟹，有位哥哥上午啥也没钓到，下午不死心又来了哈哈！其实结果不重要，享受过程就很开心了园内还可以喂小兔子，各种鸡鸭，带宝宝们来也不错哟！					,2020-05-02
dpuser_1035730399,周末带孩子钓鱼，搜出这家农家乐，看评价还不错就开车过来，大门很不起眼，很容易找不到，院内挺大，好多散养的鸡和大鹅，鱼塘有两个，鲫鱼坑和鲫鱼坑，孩子头一回钓鱼，勉强能坐住一小会。。。天公不作美，实在太晒太热了，完了小半天儿就回去了					,2020-01-08
xx1125,二刷，入秋了没想到还这么热。秋天是丰收的季节，各种果实都到了可以吃的时候。第一次来没发现这么多动物。这次除了上次来的鸟，狗，马，羊，兔子，鸡鸭等等还看见了几只喵喵。一伸手，小喵就凑过来让你摸它。简直不要太可爱。点了串老板点了炉子我们自己烤，还点了毛蛋。这应该不太能见到。各种的炸虫子朋友不太喜欢就没有点。来着聊聊天钓钓鱼喂喂动物，短暂的跟都市生活告个别也是极好的。喜欢这种朋友式的相处模式，老板姐姐就像自家姐姐样照顾每个来的客人。老板弟弟陪聊服务也是得给个赞的。就没有他接不了的嗑。该上螃蟹了，这件事又成功了诱惑了我					,2019-12-15
爱吃肉的羊,价格公道，离市里还算比较近，可以一边烧烤一边钓鱼，老板娘热情，说过些日子还能采摘桑仁，西红柿。我们吃完临走还买了几把小葱，没打过药，小葱是甜的，孩子自己都吃了两个葱白,2019-10-06
滴水成冰_314,可拉倒吧，脏乱差，老鼠爬在地上的西红柿上，炒个鸡蛋居然一个小时，什么都没有，催菜还不耐烦，理由是没准备好，没准备好开什么业，太差了,2019-10-03
十一月一,环境比较一般，但是性价比还是很高的,2019-09-08
妥妥的吃,终于可以放松一下了，单位今天刚开始放假，可以和家人一起到郊区去度假，这里的老板很是热情，拿出了看家菜“烤羊腿”，看着很有食欲。,2019-09-02
Rain飘舞,还可以吧，没有想象的那么好。钓小龙虾，10元一根竿，但是不好钓啊，说是已经吃饱了，随便钓了一会儿，然后做的蒜香小龙虾，做了一斤多吧，这个味道还是不错的，也很新鲜。那个炖的鸡味道怪怪的，不喜欢吃。阿姨做的饼真是不错。					,2019-08-28
小狐的老公,非常好，可以钓鱼，捡鸡蛋，钓小龙虾，里面也有很多小动物，老板和老板娘人也都很好，一点也不死板，特别随和，听说秋天还可以摘水果，十分推荐，价格也很亲民，不会让钱包很缩水，挺好的，很满意。下次有时间还会来。					,2019-08-20
蛋壳儿_7569,钓鱼🎣真的是三组一条都没有钓上来，很打消积极性，全部放弃去烤串了，夏天烤串还是比较热的爱出汗的小伙伴前心后背都湿透了，院子里有很多的鸡鸭🦢，有一丢丢吓人。小院里还有🐎🐑🐱🐶，因为头一天刚下了雨，狗子们都很潦草，脏的要命					,2019-08-11
Feikey_8393,过生日那天突发奇想想钓鱼又想烧烤，就大众点评搜了一下，看到这家不错就来了，小院不大但是基本老顾客多【停车】是在院子里，地方不大，但是大家都很客气，谁要走了都主动去挪车【环境】麻雀虽小，五脏俱全，院子里种的小蔬菜，养了各种鸡鸭鹅，还有帅气的大金毛，憨憨的，超级可爱，只可惜栓起来了，要不非得拉着它溜一溜，两个鱼塘，一池子鲤鱼🐟还有一池子草鱼，可劲儿钓🎣【菜品】本来想点热门的鸡，但是没有了，我们本来想换一只现杀鸡，老板娘超级细心说我们肯定吃不了，点点儿别的吧，哈哈哈，头一次遇到劝别人别点的，实在人，最后点的如图，特别好吃，但是因为我俩去之前在保养车子，吃了一点东西才过去，所以没吃完都打包了，老板娘吓一跳以为不好吃，问半天，还一直道歉说今天人有点多，没好好招待我们，疙瘩汤强烈推荐，无敌好喝，关于烧烤还是人多比较好，我们两个人烤比较不划算而且浪费时间，因为要自己烤，所以最终没放弃了这家店真的很推荐你们去玩，虽然花样不多，但是真心都不错，和其他游客一边钓鱼一边闲谈，挺逗的，大部分都是本北京本地人过去，老顾客比较多，进屋都是自来熟					,2019-08-03
大帆916,位于大兴青云店，离市内不远，跟着导航去位置准确，门口无显著标识，仅在敞开的大铁门上写了“虾蟹鱼友”，去的朋友注意别错过。院内有免费停车处，还有散养的鸡区，羊区和菜地区，不知道这些是不是店家的。该店在院内左手边，里面有两个大鱼塘可垂钓，还有一些圈养的鸡，兔，2匹马，1只羊，可爱的喵星人，疯狂刨地的狗狗和几头小香猪。后院有1个鱼池、一个小龙虾池和一个金鱼池。店家说小朋友可以进到金鱼池里捞小鱼。钓小龙虾是10元钱一根杆，时间不限，每斤68元，加工费20元（麻辣，蒜香，十三香）。由于不能吃辣，店家推荐了蒜香的，味道超级棒（就是汤有些咸，不过汤要不咸小龙虾也很难进味）。一锅鲜也很好吃，绵软的土豆，入味的卷子，就是制作时间较长，建议想吃的朋友提早下单。这里小炒不多，热菜以炖菜为主，建议店家适当增加些家常小炒。能自助烧烤，自带肉串和炉子只收取场地费，要在店内点串收取串钱和炉子钱。原油大腰面相姣好，味道待下次品鉴。					,2019-07-22
ceruleanly,慕名来到这个农家乐，真的没有让我失望，能钓鱼、能采摘、还能喂小马和小兔子，父母满足、孩子开心。除此之外，临走时还现杀一只公鸡，要了一只熏兔、一只烤鸽子、10斤鸡蛋和4条鲫鱼，共花500大洋，真的是物有所值，下次准备多约几个朋友来玩。					,2019-07-16
易水寒han,说实话，这个地不错。和朋友一起4个人，花了190多，人均不到50，地方挺大，停车也行，主要是老板人很好，小孩也有的玩，有好多小动物，钓了2个小时鱼，上了7条，直接做了吃了，钓小龙虾也挺好玩，还能做3种口味，手艺真赞，老板服务热情周到，这次去没烧烤，下次可以尝试自己烧烤，对了最好吃的还是他家的兔子和板鸭，味道绝了，没得说，以后去呢成了我的必点菜，孩子玩的也很高兴，听说还能认领菜园，自己播种自己收获，准备认领一块，以后让我家孩子也多体会一下农耕的辛苦和乐趣，下次必须还带其他朋友去给老板捧场啊					,2019-07-08
匿名用户,还是五月份去的，实话说感觉管理挺乱的，中午人多，十一点左右就点餐了，然后就一直等到快一点了，还没吃上，最后我们无奈的退了，去别的地方吃饭了，人一多就乱套了。钓鱼的话租鱼竿20，然后分鲫鱼跟鲫鱼两个鱼坑。					,2019-07-06
转头儿,环境很不错，适合一家子游玩，能钓鱼能钓虾能烧烤。孩子喂小动物和钓虾玩的不亦乐乎，都不想走。菜量大，味道相当好，经济实惠。老板热情周到，也很漂亮哦。总之就是玩一天也不觉得腻，交通也很方便，不怎么堵车，比山区那些农家乐强多了。墙裂推荐，绝对不会后悔的					,2019-07-03
我也不知道叫什么好,通过朋友推荐来的这里，开始来的路上觉得不就是个农家院么，到了以后发现真是个农庄！里面玩的东西还挺多，有小朋友喜欢的各种小动物，有钓鱼有钓小龙虾，小龙虾钓上来可以直接送进厨房了，吃的东西有烤串也可以自己带串我们是没带，买的农庄的串。这个串呢都是童叟无欺是正经的好肉，我最喜欢的是原油大腰子，烤肥的烤嫩点太好吃了！而且是两个北京大妞儿开的，老板很漂亮的，下次再去一定要微信！不多说了自己去体验吧					,2019-07-02
dpuser_2115176229,今天带孩子来这逛了逛，有好多小动物可以直接让孩子喂零距离接触，适合孩子玩，捞了小金鱼，钓了小龙虾，钓了4条鲫鱼，当时让老板加工做了，味道特别好，好吃，钓小龙虾也挺有意思，他家板鸭也好吃，人均50多元，能玩能吃不错，给老板打满分					,2019-06-25
dpuser_1162765161,不错，可以钓鱼，钓小龙虾，还有各种小动物适合一家人。,2019-06-25
David微信超級會員,环境一般，刚开发的，吃饭露天的，去的那天刚好风特别大，客人都在外边用餐，去屋里转一圈，也没人理，果断撤，不过里边有养各种小动物，鸡🐔鸭鹅,2019-06-21
姬小金娜,吃的玩的都不错，南城不错的农家院，消费也不高，人均不到百，下次可以还来,2019-06-21
匿名用户,和朋友一起去的，农家院还不错，可以钓小龙虾直接加工，麻辣小龙虾味道相当不错，还能钓鱼，鱼是按斤称的，价格很便宜，加工费20现杀垮炖，味道也好极了～朋友聚会烧烤，这里真心不错～下次聚会还会来,2019-06-17
Goblin_4821,首先没想到地方这么小，我们2个人去的，可能是太不显眼了？没有人招待，没地停车也没人过来管一下，院里有鸡鸭羊的，后面是钓小龙虾的地方，水不太干净，我们看实在没得玩，溜达了10分钟就决定没有在那吃饭，全程没有工作人员理过我们					,2019-06-17
萌萌哒@～,各种爱好都是坑，唯有烧烤伴终生！听说离家不远的地方开了一个又能吃又能玩的农家院，当天下午4点左右去的，感觉特别晒！一进门两旁就是果蔬地，再往里走有迎接我们的珍珠鸡，再往里就是两个不大的鱼池，能钓鱼，好像是按斤算钱，小龙虾池在后院，池子里水不多，直接能看见小龙虾，就是活得看见了，死的也看见了，水不深，也挺清亮，感觉少了一分乐趣。					,2019-06-08
陶大爷,种草拔草间距极短，哈哈哈！不过六一人实在太多了，太可怕了！吃饭基本靠自己在厨房门口等。。。外面有很多在烧烤，捞小龙虾的地方是厨房排烟口正对着的大棚，辣的我眼泪直流，赶紧拿着桶逃窜了。。。熏兔极其美味，太喜欢了！不过其他的因为人太多店家实在太忙，这顿饭吃得特别凑合。。。因为人多也没有捡鸡蛋活动，只能买，还好带了菜叶喂了小羊。。。下次直接买熏兔打包走～或是等天凉快再来～					,2019-06-02
M字母男神,偶然在大众点评里看到的地方，离家近，趁着六一带小朋友过来看看，地儿大，可以看到许多小动物，小矮马🐴，兔子🐰，鸡🐔，鸭鹅，还可以钓鱼和小龙虾，采摘桑椹。用餐可以选择农家菜和自助烧烤，都很不错，价格也很实惠，下次组织一家人再来一次！！					,2019-06-01
小南_8518,朋友一起想烧烤聚聚，选择了大兴的这家农家院（因为朋友住亦庄），路比较好找，院子很大，比较原生态，没有什么装修，院里养的各种小动物，有马、羊、鸡、狗等，适合小朋友去，还有果树，可以随便摘（老板很大方），我们去烤肉，收了场地费和炉子钱，食材是自己带的，后院还可以钓小龙虾，就是鸡散养的，开车走的时候要先轰鸡					,2019-06-01
竹悠roro,我在大众点评上发现的这个地，去了以后4个人烧烤的，他家大腰子真地道，绝对的原油，因为一个朋友是回民，特意问的是不是羊肉，确实是真羊肉，良心商家这个可以给赞，价格也便宜，龙虾味道挺地道，吃货可以推荐，要了一只熏兔，忘了拍照了，听说是老板母亲每天早上5点起来现熏的，真的好吃一点也不柴，特别入味，但是老板说平日来想吃的话需要提前预定，免费采摘了桑葚，挺甜，主要是免费走的时候老板送出门说帮忙评价一下，这个绝对没得说，必须给好评，下次还去啊老板					,2019-05-29
*小虎妞***,点评要出于公心啊说实话第一次去北京周边的农家院，期望过高，有点失望。地方不大，有两个鱼塘，我们不会钓鱼，也没钓上来，租鱼竿场地费啥的都算上45一竿儿，鱼钓到的话按斤称，鲤鱼10块。有一个小龙虾池，可以钓可以捞可以加工，还蛮多人选这个的。可以自助烧烤，点他家的串的话，场地炉子料啥的一起大概五六十，串大小可以，羊肉串4块，自己烤嘛就图个乐呵孩子玩的有一小块儿沙池，有几种小动物可以喂，还有捞鱼的地方，但捞鱼30。现在有桑葚熟了，摘了吃了老板并没收钱。孩子最喜欢的是捡鸡蛋，地点真的就是鸡窝啊，环境不怎么干净，鸡蛋很不错，个儿小黄大，关键孩子喜欢，15一斤。注意捡鸡蛋只能下午哦。总的来说就是普通农家院					,2019-05-28
小洋_3508,休息在家和女朋友查大众点评，发现这个地方感觉还可以，评价也不错，就去了，地方导航很准确，挺好找，环境不错，和老板聊了一会，说是新开的，里面儿童玩的也有，果树很多，能钓鱼，最有趣的是钓螃蟹和小龙虾，对于我这个北京小龙虾控算是找到好地方了，美女老板的手艺必须给个赞，比市区里那些所谓的龙虾馆好吃多得多，十三香，麻辣，点了两口味，过瘾，又好玩又好吃😋，当时发朋友圈，一堆朋友马上问我地方，行，这点，以后发展据点了，约哥们喝点玩会，吃小龙虾，大众点评靠谱					,2019-05-23
wangjicofco,位置在大兴青云店镇，我们到的时候快1点了，有4到5家客人，可以钓鱼，赶鹅，赶鸭，捡鸡蛋，喂兔子，马，猪，烧烤提供炉具20元，烤串单点，自己烤，可以掉小龙虾，我们点了一只公鸡150元，现杀到上桌需要2个小时，不过味道不错，孩子很开心					,2019-05-19
dpuser_90437245729,南城也有农家院了不错，玩的项目比较多，吃的味道也不错，小龙虾.兔子肉推荐尝尝，钓上来的鱼也可以让店主做成侉炖鱼，味道也不错还没土腥味，还可以自己烧烤，现在让炭烤的地方太少了。还可以自己带着孩子采鸡蛋，还有很多小动物，小朋友玩的很高兴，地点离市区也很近。店主服务态度也很好，还有建议点餐，以免点多了浪费，给店主点个赞					,2019-05-19
dpuser_8240692114,朋友介绍新开也得农家院，趁着五一假期去玩了一圈，适合全家集体出发，爱吃的爱玩的爱喝的都能满足，孩子玩的项目比大人还多，家长可以踏实吃喝玩，菜量挺大，烧烤有炉子，小伞一支小炉一架鱼竿一放，都妥了，最关键离家近，南六环边上不堵车，玩完了踏实回家了，不用去山里那么远，听说还要上虹鳟鱼，小建议菜品种类可以在多点，刚开业忙活不过来，希望越来越好吧					,2019-05-13
她大舅,同两位美女朋友一起去的，离农庄不远处有一大片油菜花很漂亮，钓小龙虾，钓螃蟹，还能钓鱼，孩子去了可以喂喂小动物，老板很是热情，猪马羊兔仓鼠小鹦鹉还有一只小金毛，孩子都喜欢，捞小金鱼也不限时间。上午去了农庄中午吃完饭还去了呀路古热带植物园转了一圈离的也不算远，小龙虾最好吃了，给孩子做了一份十三香的，几个大人做了麻辣的，味道相当地道，老板还说等桑葚，杏，樱桃等水果熟了可以免费带孩子采摘，只要不给祸害就行，捡鸡蛋，鸭蛋，鹅蛋都是不要门票的孩子到那可以玩沙子，走时还送了五条小金鱼我们到那是自助烧烤，还点了老板推荐的熏兔，板鸭，还有熏鸽子和熏柴鸡打算下次去了也尝尝，味道确实不错。					,2019-05-12
小佛爷_6239,老板做的小龙虾超好吃，听她说这边只是她想给自己放松心情搭建的一片土地，但因为爱吃喜欢上做菜，于是乎有了今天的样貌，小龙虾的口味是我至今吃过最好吃的，不接受任何反驳。,2019-05-07
浅醉23,老板可好了，热情我这次使用钩的方法弄的小龙虾🦞在哪儿直接烹饪的很好吃😋值得去的好地方,2019-05-07
wei19801111,适合家庭聚餐，可以钓鱼，钓龙虾，烧烤，自助烧烤，老板人不错，旁边还有果树能随便摘一摘，适合周末聚个会休闲一下,2019-05-07
大美子于,五一和同事一起三家子去的。比较好找。服务员都很随和，热情。自助烧烤很赞！特别是大腰子，超级好吃带孩子去比较合适，可以钓小龙虾、钓螃蟹、钓鱼、喂小猪、小羊、小马、小兔子，还能赶大鹅吃完饭，可以打牌，孩子可以挖土浇菜玩，很随性，很休闲。					,2019-05-07
zzzqqqzz,看见朋友发的朋友圈过来的，老板服务挺热情的，新开的店，干净卫生，农家小院布置的挺好，能给孩子包养了一块小菜园，动物孩子喂食也不怕人，能钓小龙虾螃蟹，大人也能钓鱼，店里的板鸭，熏兔老板推荐的，味道特别棒，带孩子来确认很不错，还能自助烧烤，下次打算自己带些东西过来烧烤					,2019-05-06
涟漪,孩子们玩的很开心，老板很热情。下回还去！,2019-05-04
恶魔逆位,这个农家乐还不错，吃的不贵，人均50左右吧，有采摘是免费的，可以钓鱼钓螃蟹掉小龙虾，直接就能加工，还能自己拣柴鸡蛋按斤称，可以骑马，喂小羊小猪小兔子捞金鱼，孩子玩的很高兴，下次再来,2019-05-03
阿赫哥,很适合小孩玩，可以捞小金鱼钓小龙虾还有螃蟹。还有各种小动物可以喂。农家菜味道还不错，量也足，也不贵，很实惠,2019-05-03
liawang,玩的挺开心，活动丰富。吃的是农家味道，量大不贵，推荐！,2019-05-01
李波,这里空气很好，有好多小动物，可以钓鱼，摸蛋。果园很大，秋天来应该可以采摘。儿子在水池里大捞特捞，螃蟹，小龙虾，小金鱼。在鸡场追着母鸡，鹅，鸭子到处跑，结果被大公鸡撵了出来，我也是无语了……,2019-04-30
Weixin_0927438416,环境好，服务好，农家菜味道不错，能钓鱼采摘,2019-04-29
